Workout Start,Workout End,Exercise,Weight,Reps,Notes,Kcal,Distance,Duration,Category,Name,Bodyweight
8/1/2023 15:53,,Bench Press,40,6,,,,,Chest,Chest,
8/1/2023 15:53,,Bench Press,70,7,,,,,Chest,Chest,
8/1/2023 15:53,,Bench Press,70,,,,,,Chest,Chest,
8/1/2023 15:53,,Bench Press,70,,,,,,Chest,Chest,
8/1/2023 15:53,,Bench Press,70,,,,,,Chest,Chest,
8/1/2023 15:53,,Dips,,,,,,,Triceps,Chest,
8/1/2023 15:53,,Dips,,,,,,,Triceps,Chest,
8/1/2023 15:53,,Dips,,,,,,,Triceps,Chest,
8/1/2023 15:53,,Cable Fly,,,,,,,Chest,Chest,
8/1/2023 15:53,,Cable Fly,,,,,,,Chest,Chest,
8/1/2023 15:53,,Cable Fly,,,,,,,Chest,Chest,
8/1/2023 15:53,,Triceps Extensions,,,,,,,Triceps,Chest,
8/1/2023 15:53,,Triceps Extensions,,,,,,,Triceps,Chest,
8/1/2023 15:53,,Triceps Extensions,,,,,,,Triceps,Chest,
8/1/2023 15:53,,Triceps Extensions,,,,,,,Triceps,Chest,
8/1/2023 15:53,,Push Up,,,,,,,Chest,Chest,
7/28/2023 15:06,,Bench Press,40,6,,,,,Chest,Chest,
7/28/2023 15:06,,Bench Press,70,7,,,,,Chest,Chest,
7/28/2023 15:06,,Bench Press,70,7,,,,,Chest,Chest,
7/28/2023 15:06,,Bench Press,70,,,,,,Chest,Chest,
7/28/2023 15:06,,Bench Press,,,,,,,Chest,Chest,
7/28/2023 15:06,,Bench Press,,,,,,,Chest,Chest,
7/28/2023 15:06,,Dips,0,9,,,,,Triceps,Chest,
7/28/2023 15:06,,Dips,0,6,,,,,Triceps,Chest,
7/28/2023 15:06,,Dips,0,4,,,,,Triceps,Chest,
7/28/2023 15:06,,Cable Fly,,,,,,,Chest,Chest,
7/28/2023 15:06,,Cable Fly,,,,,,,Chest,Chest,
7/28/2023 15:06,,Cable Fly,,,,,,,Chest,Chest,
7/28/2023 15:06,,Triceps Extensions,,,,,,,Triceps,Chest,
7/28/2023 15:06,,Triceps Extensions,,,,,,,Triceps,Chest,
7/28/2023 15:06,,Triceps Extensions,,,,,,,Triceps,Chest,
7/28/2023 15:06,,Triceps Extensions,,,,,,,Triceps,Chest,
7/28/2023 15:06,,Push Up,,,,,,,Chest,Chest,
7/25/2023 16:06,,Bench Press,40,6,,,,,Chest,Chest,
7/25/2023 16:06,,Bench Press,70,7,,,,,Chest,Chest,
7/25/2023 16:06,,Bench Press,70,8,,,,,Chest,Chest,
7/25/2023 16:06,,Bench Press,70,8,,,,,Chest,Chest,
7/25/2023 16:06,,Bench Press,70,4,,,,,Chest,Chest,
7/25/2023 16:06,,Dips,12.5,10,,,,,Triceps,Chest,
7/25/2023 16:06,,Dips,15,8,,,,,Triceps,Chest,
7/25/2023 16:06,,Dips,0,4,,,,,Triceps,Chest,
7/25/2023 16:06,,Cable Fly,12.5,10,,,,,Chest,Chest,
7/25/2023 16:06,,Cable Fly,12.5,8,,,,,Chest,Chest,
7/25/2023 16:06,,Cable Fly,10,8,,,,,Chest,Chest,
7/25/2023 16:06,,Triceps Extensions,25,8,,,,,Triceps,Chest,
7/25/2023 16:06,,Triceps Extensions,30,8,,,,,Triceps,Chest,
7/25/2023 16:06,,Triceps Extensions,30,8,,,,,Triceps,Chest,
7/25/2023 16:06,,Triceps Extensions,27.5,6,,,,,Triceps,Chest,
7/25/2023 16:06,,Push Up,10,,,,,,Chest,Chest,
7/25/2023 16:06,,Push Up,,,,,,,Chest,Chest,
7/19/2023 14:51,,Shoulder Dumbbell Press,30,10,,,,,Shoulders,shoulder,
7/19/2023 14:51,,Shoulder Dumbbell Press,,,,,,,Shoulders,shoulder,
7/19/2023 14:51,,Shoulder Dumbbell Press,,,,,,,Shoulders,shoulder,
7/18/2023 15:31,,Incline Smith,40,6,,,,,Chest,chest,
7/18/2023 15:31,,Incline Smith,60,8,,,,,Chest,chest,
7/18/2023 15:31,,Incline Smith,,,,,,,Chest,chest,
7/18/2023 15:31,,Incline Smith,,,,,,,Chest,chest,
7/15/2023 16:50,,Shoulder Dumbbell Press,36,2,,,,,Shoulders,shoulder,
7/15/2023 16:50,,Shoulder Dumbbell Press,,,,,,,Shoulders,shoulder,
7/14/2023 15:17,,Incline Smith,40,6,,,,,Chest,chest,
7/14/2023 15:17,,Incline Smith,70,4,,,,,Chest,chest,
7/14/2023 15:17,,Incline Smith,50,8,,,,,Chest,chest,
7/14/2023 15:17,,Incline Smith,,,,,,,Chest,chest,
7/4/2023 14:48,,Shoulder Dumbbell Press,22,6,,,,,Shoulders,shoul tri,
7/4/2023 14:48,,Shoulder Dumbbell Press,30,8,,,,,Shoulders,shoul tri,
7/4/2023 14:48,,Shoulder Dumbbell Press,34,4,A BIT DIABOLICAL TBH,,,,Shoulders,shoul tri,
7/4/2023 14:48,,Shoulder Dumbbell Press,26,,,,,,Shoulders,shoul tri,
6/30/2023 17:02,,Pushdowns,,,,,,,Triceps,shoulder tri,
6/30/2023 17:02,,Pushdowns,,,,,,,Triceps,shoulder tri,
6/30/2023 17:02,,Pushdowns,,,,,,,Triceps,shoulder tri,
6/27/2023 15:49,,Hammer Curl,20,6,,,,,Biceps,pull,
6/27/2023 15:49,,Hammer Curl,22,8,,,,,Biceps,pull,
6/27/2023 15:49,,Hammer Curl,18,8,,,,,Biceps,pull,
6/27/2023 15:49,,Incline Curls,18,3,,,,,Biceps,pull,
6/27/2023 15:49,,Incline Curls,16,,,,,,Biceps,pull,
6/27/2023 15:49,,Incline Curls,,,,,,,Biceps,pull,
6/27/2023 15:49,,Cable Row,25,8,,,,,Back,pull,
6/27/2023 15:49,,Cable Row,27.5,8,,,,,Back,pull,
6/27/2023 15:49,,Cable Row,,,,,,,Back,pull,
6/26/2023 15:49,,Bench Press,60,8,,,,,Chest,push,
6/26/2023 15:49,,Bench Press,70,8,,,,,Chest,push,
6/26/2023 15:49,,Bench Press,80,4,,,,,Chest,push,
6/26/2023 15:49,,Incline Bench Press,40,8,smith,,,,Chest,push,
6/26/2023 15:49,,Incline Bench Press,60,8,,,,,Chest,push,
6/26/2023 15:49,,Incline Bench Press,60,8,,,,,Chest,push,
6/26/2023 15:49,,Pushdowns,32.5,6,,,,,Triceps,push,
6/26/2023 15:49,,Pushdowns,35,,,,,,Triceps,push,
6/26/2023 15:49,,Pushdowns,,,,,,,Triceps,push,
6/24/2023 15:51,,Squat,60,6,,,,,Legs,leg,
6/24/2023 15:51,,Squat,100,8,,,,,Legs,leg,
6/24/2023 15:51,,Squat,120,,,,,,Legs,leg,
6/24/2023 15:51,,Squat,,,,,,,Legs,leg,
6/23/2023 15:37,,Incline Curls,18,5,,,,,Biceps,pull,
6/23/2023 15:37,,Incline Curls,16,7,,,,,Biceps,pull,
6/23/2023 15:37,,Incline Curls,14,6,,,,,Biceps,pull,
6/23/2023 15:37,,Incline Curls,,,,,,,Biceps,pull,
6/23/2023 15:37,,Pull Up,0,4,,,,,Back,pull,
6/23/2023 15:37,,Pull Up,0,4,,,,,Back,pull,
6/23/2023 15:37,,Pull Up,0,3,,,,,Back,pull,
6/23/2023 15:37,,Barbell Row,40,8,SMITH,,,,Back,pull,
6/23/2023 15:37,,Barbell Row,60,8,,,,,Back,pull,
6/23/2023 15:37,,Barbell Row,60,5,,,,,Back,pull,
6/23/2023 15:37,,Cable Row,25,6,SINGLE,,,,Back,pull,
6/23/2023 15:37,,Cable Row,25,6,,,,,Back,pull,
6/23/2023 15:37,,Cable Row,,,,,,,Back,pull,
6/21/2023 14:54,,Squat,60,6,,,,,Legs,leg,
6/21/2023 14:54,,Squat,100,8,,,,,Legs,leg,
6/21/2023 14:54,,Squat,120,5,,,,,Legs,leg,
6/21/2023 14:54,,Squat,130,,,,,,Legs,leg,
6/21/2023 14:54,,Squat,,,,,,,Legs,leg,
6/20/2023 14:49,6/20/2023 15:05,Incline Curls,,,,,,,Biceps,pull,
6/20/2023 14:49,6/20/2023 15:05,Incline Curls,,,,,,,Biceps,pull,
6/20/2023 14:49,6/20/2023 15:05,Incline Curls,,,,,,,Biceps,pull,
6/13/2023 2:19,,Incline Dumbbell Press,16,8,,,,,Chest,push,
6/13/2023 2:19,,Incline Dumbbell Press,30,8,,,,,Chest,push,
6/13/2023 2:19,,Incline Dumbbell Press,34,,,,,,Chest,push,
6/13/2023 2:19,,Incline Dumbbell Press,,,,,,,Chest,push,
6/13/2023 2:19,,Incline Dumbbell Press,,,,,,,Chest,push,
6/11/2023 21:18,,Squat,60,6,,,,,Legs,leg,
6/11/2023 21:18,,Squat,100,8,,,,,Legs,leg,
6/11/2023 21:18,,Squat,120,5,,,,,Legs,leg,
6/11/2023 21:18,,Squat,130,2,,,,,Legs,leg,
6/9/2023 23:17,,Incline Curls,18,6,,,,,Biceps,pull,
6/9/2023 23:17,,Incline Curls,16,7,,,,,Biceps,pull,
6/9/2023 23:17,,Incline Curls,16,6,,,,,Biceps,pull,
6/9/2023 23:17,,Incline Curls,,,,,,,Biceps,pull,
6/9/2023 23:17,,Hammer Curl,20,6,,,,,Biceps,pull,
6/9/2023 23:17,,Hammer Curl,18,8,,,,,Biceps,pull,
6/9/2023 23:17,,Hammer Curl,16,8,,,,,Biceps,pull,
6/9/2023 23:17,,Hammer Curl,14,8,,,,,Biceps,pull,
6/9/2023 23:17,,Barbell Row,50,8,,,,,Back,pull,
6/9/2023 23:17,,Barbell Row,60,8,,,,,Back,pull,
6/9/2023 23:17,,Barbell Row,80,,,,,,Back,pull,
6/8/2023 23:25,,Incline Dumbbell Press,26,8,,,,,Chest,push,
6/8/2023 23:25,,Incline Dumbbell Press,30,8,,,,,Chest,push,
6/8/2023 23:25,,Incline Dumbbell Press,34,3,,,,,Chest,push,
6/8/2023 23:25,,Incline Dumbbell Press,,,,,,,Chest,push,
6/8/2023 23:25,,Shoulder Dumbbell Press,28,4,,,,,Shoulders,push,
6/8/2023 23:25,,Shoulder Dumbbell Press,,,,,,,Shoulders,push,
6/5/2023 22:13,,Squat,60,6,,,,,Legs,leg,
6/5/2023 22:13,,Squat,100,7,,,,,Legs,leg,
6/5/2023 22:13,,Squat,120,8,,,,,Legs,leg,
6/5/2023 22:13,,Squat,130,2,,,,,Legs,leg,
6/5/2023 22:13,,Squat,,,,,,,Legs,leg,
6/5/2023 22:13,,Squat,,,,,,,Legs,leg,
6/5/2023 22:13,,Leg Press,150,6,,,,,Legs,leg,
6/5/2023 22:13,,Leg Press,200,6,,,,,Legs,leg,
6/5/2023 22:13,,Leg Press,230,,,,,,Legs,leg,
6/5/2023 22:13,,Calf Raises,,,,,,,Legs,leg,
6/5/2023 22:13,,Calf Raises,,,,,,,Legs,leg,
6/5/2023 22:13,,Calf Raises,,,,,,,Legs,leg,
6/5/2023 22:13,,Calf Raises,,,,,,,Legs,leg,
6/4/2023 22:37,6/4/2023 22:54,Incline Curls,18,5,,,,,Biceps,pull,
6/4/2023 22:37,6/4/2023 22:54,Incline Curls,18,4,,,,,Biceps,pull,
6/4/2023 22:37,6/4/2023 22:54,Incline Curls,16,6,,,,,Biceps,pull,
6/4/2023 22:37,6/4/2023 22:54,Hammer Curl,20,6,,,,,Biceps,pull,
6/4/2023 22:37,6/4/2023 22:54,Hammer Curl,16,8,,,,,Biceps,pull,
6/4/2023 22:37,6/4/2023 22:54,Hammer Curl,12,12,,,,,Biceps,pull,
6/4/2023 22:37,6/4/2023 22:54,Hammer Curl,,,,,,,Biceps,pull,
6/4/2023 22:37,6/4/2023 22:54,Barbell Row,50,8,,,,,Back,pull,
6/4/2023 22:37,6/4/2023 22:54,Barbell Row,70,4,sus,,,,Back,pull,
6/4/2023 22:37,6/4/2023 22:54,Barbell Row,60,677,,,,,Back,pull,
6/4/2023 22:37,6/4/2023 22:54,Barbell Row,,,,,,,Back,pull,
6/4/2023 22:37,6/4/2023 22:54,Pull Up,0,5,,,,,Back,pull,
6/4/2023 22:37,6/4/2023 22:54,Pull Up,,,,,,,Back,pull,
6/4/2023 22:37,6/4/2023 22:54,Pull Up,,,,,,,Back,pull,
6/3/2023 22:57,,Incline Dumbbell Press,26,10,,,,,Chest,push,
6/3/2023 22:57,,Incline Dumbbell Press,30,8,,,,,Chest,push,
6/3/2023 22:57,,Incline Dumbbell Press,32,7,,,,,Chest,push,
6/3/2023 22:57,,Shoulder Dumbbell Press,22,8,,,,,Shoulders,push,
6/3/2023 22:57,,Shoulder Dumbbell Press,28,5,,,,,Shoulders,push,
6/3/2023 22:57,,Shoulder Dumbbell Press,30,3,,,,,Shoulders,push,
6/2/2023 23:59,,Squat,80,6,,,,,Legs,leg,
6/2/2023 23:59,,Squat,100,6,,,,,Legs,leg,
6/2/2023 23:59,,Squat,130,3,,,,,Legs,leg,
6/2/2023 23:59,,Squat,140,3,,,,,Legs,leg,
6/2/2023 23:59,,Squat,60,5,,,,,Legs,leg,
6/2/2023 23:59,,Leg Press,150,6,,,,,Legs,leg,
6/2/2023 23:59,,Leg Press,190,6,,,,,Legs,leg,
6/2/2023 23:59,,Leg Press,230,,,,,,Legs,leg,
6/2/2023 23:59,,Leg Press,,,,,,,Legs,leg,
5/31/2023 21:25,,Incline Curls,18,4,,,,,Biceps,pull,
5/31/2023 21:25,,Incline Curls,18,4,,,,,Biceps,pull,
5/31/2023 21:25,,Incline Curls,16,6,,,,,Biceps,pull,
5/31/2023 21:25,,Incline Curls,16,4,,,,,Biceps,pull,
5/31/2023 21:25,,Hammer Curl,20,6,egos some after ,,,,Biceps,pull,
5/31/2023 21:25,,Hammer Curl,22,3,bit shite tbh,,,,Biceps,pull,
5/31/2023 21:25,,Hammer Curl,16,6,,,,,Biceps,pull,
5/31/2023 21:25,,Hammer Curl,,,,,,,Biceps,pull,
5/31/2023 21:25,,Barbell Row,,,,,,,Back,pull,
5/31/2023 21:25,,Barbell Row,,,,,,,Back,pull,
5/31/2023 21:25,,Barbell Row,,,,,,,Back,pull,
5/30/2023 21:09,,Incline Dumbbell Press,20,8,,,,,Chest,push,
5/30/2023 21:09,,Incline Dumbbell Press,28,7,,,,,Chest,push,
5/30/2023 21:09,,Incline Dumbbell Press,30,6,,,,,Chest,push,
5/30/2023 21:09,,Incline Dumbbell Press,32,5,,,,,Chest,push,
5/30/2023 21:09,,Incline Dumbbell Press,,,,,,,Chest,push,
5/30/2023 21:09,,Shoulder Dumbbell Press,20,6,,,,,Shoulders,push,
5/30/2023 21:09,,Shoulder Dumbbell Press,26,7,,,,,Shoulders,push,
5/30/2023 21:09,,Shoulder Dumbbell Press,,,,,,,Shoulders,push,
5/30/2023 21:09,,Shoulder Dumbbell Press,,,,,,,Shoulders,push,
5/29/2023 21:26,,Squat,60,6,,,,,Legs,leg,
5/29/2023 21:26,,Squat,100,6,,,,,Legs,leg,
5/29/2023 21:26,,Squat,120,6,,,,,Legs,leg,
5/29/2023 21:26,,Squat,130,4,i was scared,,,,Legs,leg,
5/29/2023 21:26,,Squat,60,5,,,,,Legs,leg,
5/29/2023 21:26,,Leg Press,150,6,,,,,Legs,leg,
5/29/2023 21:26,,Leg Press,190,6,,,,,Legs,leg,
5/29/2023 21:26,,Leg Press,220,6,,,,,Legs,leg,
5/29/2023 21:26,,Leg Press,,,,,,,Legs,leg,
5/29/2023 21:26,,Leg Press,,,,,,,Legs,leg,
5/29/2023 21:26,,Calf Raises,107,12,,,,,Legs,leg,
5/29/2023 21:26,,Calf Raises,93,8,,,,,Legs,leg,
5/29/2023 21:26,,Calf Raises,79,,,,,,Legs,leg,
5/29/2023 21:26,,Calf Raises,,,,,,,Legs,leg,
5/27/2023 22:21,,Incline Curls,16,8,,,,,Biceps,pull,
5/27/2023 22:21,,Incline Curls,18,5,,,,,Biceps,pull,
5/27/2023 22:21,,Incline Curls,18,3,,,,,Biceps,pull,
5/27/2023 22:21,,Incline Curls,14,6,,,,,Biceps,pull,
5/27/2023 22:21,,Hammer Curl,18,6,,,,,Biceps,pull,
5/27/2023 22:21,,Hammer Curl,22,4,,,,,Biceps,pull,
5/27/2023 22:21,,Hammer Curl,22,4,,,,,Biceps,pull,
5/27/2023 22:21,,Hammer Curl,,,,,,,Biceps,pull,
5/27/2023 22:21,,Barbell Row,50,8,,,,,Back,pull,
5/27/2023 22:21,,Barbell Row,60,6,,,,,Back,pull,
5/27/2023 22:21,,Barbell Row,70,5,complete ego,,,,Back,pull,
5/27/2023 22:21,,Barbell Row,50,,,,,,Back,pull,
5/27/2023 22:21,,Barbell Row,,,,,,,Back,pull,
5/27/2023 22:21,,Preacher Curls,50,,,,,,Biceps,pull,
5/27/2023 22:21,,Preacher Curls,,,,,,,Biceps,pull,
5/25/2023 22:58,,Bench Press,60,12,,,,,Chest,push,
5/25/2023 22:58,,Bench Press,70,8,,,,,Chest,push,
5/25/2023 22:58,,Bench Press,75,3,,,,,Chest,push,
5/25/2023 22:58,,Bench Press,,,,,,,Chest,push,
5/25/2023 22:58,,Shoulder Dumbbell Press,22,8,,,,,Shoulders,push,
5/25/2023 22:58,,Shoulder Dumbbell Press,26,7,,,,,Shoulders,push,
5/25/2023 22:58,,Shoulder Dumbbell Press,30,4,,,,,Shoulders,push,
5/25/2023 22:58,,Shoulder Dumbbell Press,,,,,,,Shoulders,push,
5/25/2023 22:58,,Triceps Extensions,41,8,,,,,Triceps,push,
5/25/2023 22:58,,Triceps Extensions,36,,,,,,Triceps,push,
5/25/2023 22:58,,Triceps Extensions,32,,,,,,Triceps,push,
5/23/2023 21:58,,Incline Curls,16,6,,,,,Biceps,pull,
5/23/2023 21:58,,Incline Curls,16,5,,,,,Biceps,pull,
5/23/2023 21:58,,Incline Curls,14,6,,,,,Biceps,pull,
5/23/2023 21:58,,Incline Curls,14,6,,,,,Biceps,pull,
5/23/2023 21:58,,Hammer Curl,16,6,,,,,Biceps,pull,
5/23/2023 21:58,,Hammer Curl,18,6,,,,,Biceps,pull,
5/23/2023 21:58,,Hammer Curl,20,8,,,,,Biceps,pull,
5/23/2023 21:58,,Hammer Curl,,,,,,,Biceps,pull,
5/23/2023 21:58,,Hammer Curl,,,,,,,Biceps,pull,
5/23/2023 21:58,,Barbell Row,50,8,,,,,Back,pull,
5/23/2023 21:58,,Barbell Row,60,7,,,,,Back,pull,
5/23/2023 21:58,,Barbell Row,70,3,,,,,Back,pull,
5/23/2023 21:58,,Barbell Row,60,,,,,,Back,pull,
5/23/2023 21:58,,Pulldowns,52,8,,,,,Back,pull,
5/23/2023 21:58,,Pulldowns,66,8,chest reps though,,,,Back,pull,
5/23/2023 21:58,,Pulldowns,52,,,,,,Back,pull,
5/23/2023 21:58,,Pulldowns,,,,,,,Back,pull,
5/23/2023 21:58,,Pulldowns,,,,,,,Back,pull,
5/23/2023 21:58,,Preacher Curls,50,8,,,,,Biceps,pull,
5/23/2023 21:58,,Preacher Curls,52,4,,,,,Biceps,pull,
5/23/2023 21:58,,Preacher Curls,41,6,,,,,Biceps,pull,
5/22/2023 23:01,,Squat,60,6,,,,,Legs,legs,
5/22/2023 23:01,,Squat,90,6,,,,,Legs,legs,
5/22/2023 23:01,,Squat,110,6,,,,,Legs,legs,
5/22/2023 23:01,,Squat,130,4,,,,,Legs,legs,
5/22/2023 23:01,,Squat,60,10,,,,,Legs,legs,
5/22/2023 23:01,,Leg Press,150,6,,,,,Legs,legs,
5/22/2023 23:01,,Leg Press,180,6,,,,,Legs,legs,
5/22/2023 23:01,,Leg Press,220,5,,,,,Legs,legs,
5/22/2023 23:01,,Leg Press,230,,,,,,Legs,legs,
5/22/2023 23:01,,Leg Press,,,,,,,Legs,legs,
5/22/2023 23:01,,Leg Press,,,,,,,Legs,legs,
5/22/2023 23:01,,Calf Raises,100,12,,,,,Legs,legs,
5/22/2023 23:01,,Calf Raises,86,12,,,,,Legs,legs,
5/22/2023 23:01,,Calf Raises,68,,,,,,Legs,legs,
5/22/2023 23:01,,Leg Extensions,113,6,,,,,Legs,legs,
5/22/2023 23:01,,Leg Extensions,91,12,,,,,Legs,legs,
5/22/2023 23:01,,Leg Extensions,,,,,,,Legs,legs,
5/21/2023 22:42,,Bench Press,40,6,,,,,Chest,push,
5/21/2023 22:42,,Bench Press,60,12,,,,,Chest,push,
5/21/2023 22:42,,Bench Press,65,2,,,,,Chest,push,
5/21/2023 22:42,,Bench Press,,,,,,,Chest,push,
5/20/2023 21:28,,Incline Curls,14,8,,,,,Biceps,pull,
5/20/2023 21:28,,Incline Curls,16,4,,,,,Biceps,pull,
5/20/2023 21:28,,Incline Curls,16,5,,,,,Biceps,pull,
5/20/2023 21:28,,Incline Curls,14,5,,,,,Biceps,pull,
5/20/2023 21:28,,Hammer Curl,16,6,,,,,Biceps,pull,
5/20/2023 21:28,,Hammer Curl,18,8,,,,,Biceps,pull,
5/20/2023 21:28,,Hammer Curl,,,,,,,Biceps,pull,
5/20/2023 21:28,,Barbell Row,50,8,,,,,Back,pull,
5/20/2023 21:28,,Barbell Row,60,4,,,,,Back,pull,
5/20/2023 21:28,,Barbell Row,40,12,,,,,Back,pull,
5/20/2023 21:28,,Barbell Row,,,,,,,Back,pull,
5/20/2023 21:28,,Pulldowns,52,6,,,,,Back,pull,
5/20/2023 21:28,,Pulldowns,52,6,,,,,Back,pull,
5/20/2023 21:28,,Pulldowns,59,2,,,,,Back,pull,
5/20/2023 21:28,,Straight Arm Pulldowns,17,12,,,,,Back,pull,
5/20/2023 21:28,,Straight Arm Pulldowns,23,3,,,,,Back,pull,
5/20/2023 21:28,,Straight Arm Pulldowns,18,502,,,,,Back,pull,
5/18/2023 18:54,,Bench Press,,,,,,,Chest,push,
5/18/2023 18:54,,Bench Press,,,,,,,Chest,push,
5/18/2023 18:54,,Bench Press,80,3,,,,,Chest,push,
5/18/2023 18:54,,Bench Press,,,,,,,Chest,push,
5/16/2023 22:23,,Deadlift,60,5,,,,,Back,low,
5/16/2023 22:23,,Deadlift,80,4,,,,,Back,low,
5/16/2023 22:23,,Deadlift,100,6,,,,,Back,low,
5/16/2023 22:23,,Deadlift,120,2,sumo,,,,Back,low,
5/16/2023 22:23,,Deadlift,,,,,,,Back,low,
5/16/2023 22:23,,Leg Press,150,6,,,,,Legs,low,
5/16/2023 22:23,,Leg Press,180,6,,,,,Legs,low,
5/16/2023 22:23,,Leg Press,220,6,,,,,Legs,low,
5/16/2023 22:23,,Leg Press,240,3,,,,,Legs,low,
5/15/2023 16:34,,Incline Curls,14,6,,,,,Biceps,pull,
5/15/2023 16:34,,Incline Curls,16,8,,,,,Biceps,pull,
5/15/2023 16:34,,Incline Curls,16,5,,,,,Biceps,pull,
5/15/2023 16:34,,Incline Curls,17.5,3,,,,,Biceps,pull,
5/15/2023 16:34,,Hammer Curl,17.5,6,,,,,Biceps,pull,
5/15/2023 16:34,,Hammer Curl,,,,,,,Biceps,pull,
5/15/2023 16:34,,Hammer Curl,,,,,,,Biceps,pull,
5/14/2023 22:08,,Bench Press,60,11,,,,,Chest,push,
5/14/2023 22:08,,Bench Press,70,7,,,,,Chest,push,
5/14/2023 22:08,,Bench Press,,,,,,,Chest,push,
5/13/2023 21:56,,Squat,60,8,,,,,Legs,leg,
5/13/2023 21:56,,Squat,100,6,,,,,Legs,leg,
5/13/2023 21:56,,Squat,110,6,,,,,Legs,leg,
5/13/2023 21:56,,Squat,130,2,,,,,Legs,leg,
5/13/2023 21:56,,Squat,100,4,,,,,Legs,leg,
5/13/2023 21:56,,Leg Press,180,6,,,,,Legs,leg,
5/13/2023 21:56,,Leg Press,220,3,,,,,Legs,leg,
5/12/2023 21:26,5/12/2023 22:21,Incline Curls,14,6,,,,,Biceps,pull,3
5/12/2023 21:26,5/12/2023 22:21,Incline Curls,16,6,,,,,Biceps,pull,3
5/12/2023 21:26,5/12/2023 22:21,Incline Curls,16,4,,,,,Biceps,pull,3
5/12/2023 21:26,5/12/2023 22:21,Hammer Curl,16,6,,,,,Biceps,pull,3
5/12/2023 21:26,5/12/2023 22:21,Hammer Curl,18,6,,,,,Biceps,pull,3
5/12/2023 21:26,5/12/2023 22:21,Hammer Curl,20,4,,,,,Biceps,pull,3
5/12/2023 21:26,5/12/2023 22:21,Barbell Row,40,8,,,,,Back,pull,3
5/12/2023 21:26,5/12/2023 22:21,Barbell Row,50,8,,,,,Back,pull,3
5/12/2023 21:26,5/12/2023 22:21,Barbell Row,40,8,,,,,Back,pull,3
5/12/2023 21:26,5/12/2023 22:21,Cable Row,59,8,,,,,Back,pull,3
5/12/2023 21:26,5/12/2023 22:21,Cable Row,51,6,,,,,Back,pull,3
5/12/2023 21:26,5/12/2023 22:21,Cable Row,45,6,,,,,Back,pull,3
5/12/2023 21:26,5/12/2023 22:21,Straight Arm Pulldowns,17,12,,,,,Back,pull,3
5/12/2023 21:26,5/12/2023 22:21,Straight Arm Pulldowns,20,6,,,,,Back,pull,3
5/12/2023 21:26,5/12/2023 22:21,Straight Arm Pulldowns,20,5,,,,,Back,pull,3
5/12/2023 21:26,5/12/2023 22:21,Straight Arm Pulldowns,,,,,,,Back,pull,3
5/12/2023 21:26,5/12/2023 22:21,Preacher Curls,50,6,,,,,Biceps,pull,3
5/12/2023 21:26,5/12/2023 22:21,Preacher Curls,,,,,,,Biceps,pull,3
5/9/2023 21:59,,Incline Curls,12,8,,,,,Biceps,pull,
5/9/2023 21:59,,Incline Curls,14,,,,,,Biceps,pull,
5/9/2023 21:59,,Incline Curls,16,4,,,,,Biceps,pull,
5/9/2023 21:59,,Incline Curls,,,,,,,Biceps,pull,
5/9/2023 21:59,,Hammer Curl,16,6,,,,,Biceps,pull,
5/9/2023 21:59,,Hammer Curl,18,6,,,,,Biceps,pull,
5/9/2023 21:59,,Hammer Curl,20,4,egos a bunch after ,,,,Biceps,pull,
5/9/2023 21:59,,Hammer Curl,14,6,,,,,Biceps,pull,
5/9/2023 21:59,,Dumbbell Row,16,12,,,,,Back,pull,
5/9/2023 21:59,,Dumbbell Row,14,8,,,,,Back,pull,
5/9/2023 21:59,,Dumbbell Row,12,8,,,,,Back,pull,
5/9/2023 21:59,,Straight Arm Pulldowns,17,12,,,,,Back,pull,
5/9/2023 21:59,,Straight Arm Pulldowns,20,6,,,,,Back,pull,
5/9/2023 21:59,,Straight Arm Pulldowns,17,12,,,,,Back,pull,
5/9/2023 21:59,,Cable Row,50,8,semi,,,,Back,pull,
5/9/2023 21:59,,Cable Row,50,12,close,,,,Back,pull,
5/9/2023 21:59,,Cable Row,61,,,,,,Back,pull,
5/9/2023 21:59,,Cable Row,,,,,,,Back,pull,
5/8/2023 22:26,,Bench Press,40,8,,,,,Chest,push,
5/8/2023 22:26,,Bench Press,70,6,,,,,Chest,push,
5/8/2023 22:26,,Bench Press,80,3,,,,,Chest,push,
5/8/2023 22:26,,Bench Press,70,6,,,,,Chest,push,
5/8/2023 22:26,,Shoulder Dumbbell Press,20,8,,,,,Shoulders,push,
5/8/2023 22:26,,Shoulder Dumbbell Press,26,8,,,,,Shoulders,push,
5/8/2023 22:26,,Shoulder Dumbbell Press,28,4,,,,,Shoulders,push,
5/8/2023 22:26,,Shoulder Dumbbell Press,,,,,,,Shoulders,push,
5/7/2023 23:07,,Squat,60,8,,,,,Legs,leg,
5/7/2023 23:07,,Squat,100,6,,,,,Legs,leg,
5/7/2023 23:07,,Squat,120,,,,,,Legs,leg,
5/7/2023 23:07,,Squat,,,,,,,Legs,leg,
5/7/2023 23:07,,Squat,,,,,,,Legs,leg,
5/6/2023 21:55,,Incline Curls,412,1,,,,,Biceps,pull,
5/6/2023 21:55,,Incline Curls,14,9,ðŸ¤®,,,,Biceps,pull,
5/6/2023 21:55,,Incline Curls,16,4,,,,,Biceps,pull,
5/6/2023 21:55,,Hammer Curl,16,6,,,,,Biceps,pull,
5/6/2023 21:55,,Hammer Curl,18,6,,,,,Biceps,pull,
5/6/2023 21:55,,Hammer Curl,20,4,,,,,Biceps,pull,
5/5/2023 22:07,,Dumbbell Press,20,12,,,,,Chest,push,
5/5/2023 22:07,,Dumbbell Press,28,8,,,,,Chest,push,
5/5/2023 22:07,,Dumbbell Press,30,7,,,,,Chest,push,
5/5/2023 22:07,,Shoulder Dumbbell Press,20,8,,,,,Shoulders,push,
5/5/2023 22:07,,Shoulder Dumbbell Press,26,5,,,,,Shoulders,push,
5/5/2023 22:07,,Shoulder Dumbbell Press,24,8,,,,,Shoulders,push,
5/2/2023 22:29,,Deadlift,60,5,,,,,Back,pull,
5/2/2023 22:29,,Deadlift,80,4,,,,,Back,pull,
5/2/2023 22:29,,Deadlift,100,6,,,,,Back,pull,
5/2/2023 22:29,,Deadlift,120,3,,,,,Back,pull,
5/2/2023 22:29,,Deadlift,,,,,,,Back,pull,
5/2/2023 22:29,,Incline Curls,12,8,,,,,Biceps,pull,
5/2/2023 22:29,,Incline Curls,14,6,,,,,Biceps,pull,
5/2/2023 22:29,,Incline Curls,16,4,,,,,Biceps,pull,
5/2/2023 22:29,,Hammer Curl,14,8,,,,,Biceps,pull,
5/2/2023 22:29,,Hammer Curl,16,6,,,,,Biceps,pull,
5/2/2023 22:29,,Hammer Curl,14,,,,,,Biceps,pull,
5/1/2023 22:17,,Bench Press,60,10,,,,,Chest,push,
5/1/2023 22:17,,Bench Press,70,6,,,,,Chest,push,
5/1/2023 22:17,,Bench Press,60,10,,,,,Chest,push,
5/1/2023 22:17,,Bench Press,,,,,,,Chest,push,
5/1/2023 22:17,,Shoulder Dumbbell Press,20,8,,,,,Shoulders,push,
5/1/2023 22:17,,Shoulder Dumbbell Press,26,3,,,,,Shoulders,push,
5/1/2023 22:17,,Shoulder Dumbbell Press,24,6,,,,,Shoulders,push,
5/1/2023 22:17,,Shoulder Dumbbell Press,24,4,,,,,Shoulders,push,
4/30/2023 22:52,,Squat,60,8,,,,,Legs,leg,
4/30/2023 22:52,,Squat,80,6,,,,,Legs,leg,
4/30/2023 22:52,,Squat,100,4,,,,,Legs,leg,
4/30/2023 22:52,,Squat,110,,,,,,Legs,leg,
4/29/2023 22:27,,Incline Curls,14,8,,,,,Biceps,pull,
4/29/2023 22:27,,Incline Curls,14,8,,,,,Biceps,pull,
4/29/2023 22:27,,Incline Curls,16,3,,,,,Biceps,pull,
4/29/2023 22:27,,Incline Curls,10,10,,,,,Biceps,pull,
4/29/2023 22:27,,Hammer Curl,14,8,,,,,Biceps,pull,
4/29/2023 22:27,,Hammer Curl,16,4,,,,,Biceps,pull,
4/29/2023 22:27,,Hammer Curl,12,10,,,,,Biceps,pull,
4/27/2023 22:41,,Bench Press,60,8,,,,,Chest,push,
4/27/2023 22:41,,Bench Press,80,3,,,,,Chest,push,
4/27/2023 22:41,,Bench Press,60,8,,,,,Chest,push,
4/27/2023 22:41,,Shoulder Dumbbell Press,20,8,,,,,Shoulders,push,
4/27/2023 22:41,,Shoulder Dumbbell Press,26,5,,,,,Shoulders,push,
4/27/2023 22:41,,Shoulder Dumbbell Press,,,,,,,Shoulders,push,
4/24/2023 21:55,,Incline Curls,14,8,,,,,Biceps,pull,
4/24/2023 21:55,,Incline Curls,14,8,,,,,Biceps,pull,
4/24/2023 21:55,,Incline Curls,14,8,,,,,Biceps,pull,
4/24/2023 21:55,,Incline Curls,,,,,,,Biceps,pull,
4/24/2023 21:55,,Hammer Curl,14,8,,,,,Biceps,pull,
4/24/2023 21:55,,Hammer Curl,14,8,,,,,Biceps,pull,
4/24/2023 21:55,,Hammer Curl,14,8,,,,,Biceps,pull,
4/24/2023 21:55,,Hammer Curl,,,,,,,Biceps,pull,
4/23/2023 23:37,,Bench Press,60,8,,,,,Chest,push,
4/23/2023 23:37,,Bench Press,70,10,,,,,Chest,push,
4/23/2023 23:37,,Bench Press,80,3,,,,,Chest,push,
4/23/2023 23:37,,Bench Press,70,6,,,,,Chest,push,
4/23/2023 23:37,,Shoulder Dumbbell Press,20,10,,,,,Shoulders,push,
4/23/2023 23:37,,Shoulder Dumbbell Press,27.5,6,,,,,Shoulders,push,
4/23/2023 23:37,,Shoulder Dumbbell Press,,,,,,,Shoulders,push,
4/20/2023 19:54,,Bench Press,60,12,,,,,Chest,push,
4/20/2023 19:54,,Bench Press,70,6,,,,,Chest,push,
4/20/2023 19:54,,Bench Press,80,1,,,,,Chest,push,
4/20/2023 19:54,,Shoulder Dumbbell Press,20,10,,,,,Shoulders,push,
4/20/2023 19:54,,Shoulder Dumbbell Press,27.5,6,,,,,Shoulders,push,
4/20/2023 19:54,,Shoulder Dumbbell Press,30,2,,,,,Shoulders,push,
4/20/2023 19:54,,Shoulder Dumbbell Press,,,,,,,Shoulders,push,
4/20/2023 19:54,,Cable Crossovers,11,8,,,,,Chest,push,
4/20/2023 19:54,,Cable Crossovers,9.1,10,,,,,Chest,push,
4/20/2023 19:54,,Cable Crossovers,9,10,,,,,Chest,push,
4/17/2023 22:41,,Straight Arm Pulldowns,17.5,12,,,,,Back,pull,
4/17/2023 22:41,,Straight Arm Pulldowns,,,,,,,Back,pull,
4/17/2023 22:41,,Straight Arm Pulldowns,,,,,,,Back,pull,
4/17/2023 22:41,,Dumbbell Row,14,12,,,,,Back,pull,
4/17/2023 22:41,,Dumbbell Row,,,,,,,Back,pull,
4/13/2023 18:35,,Bench Press,40,12,,,,,Chest,push,
4/13/2023 18:35,,Bench Press,60,12,,,,,Chest,push,
4/13/2023 18:35,,Bench Press,70,5,,,,,Chest,push,
4/13/2023 18:35,,Bench Press,80,2,,,,,Chest,push,
4/13/2023 18:35,,Shoulder Dumbbell Press,24,8,,,,,Shoulders,push,
4/13/2023 18:35,,Shoulder Dumbbell Press,28,,,,,,Shoulders,push,
4/13/2023 18:35,,Shoulder Dumbbell Press,,,,,,,Shoulders,push,
4/12/2023 15:57,,Pulldowns,65,12,,,,,Back,pull,
4/12/2023 15:57,,Pulldowns,70,5,,,,,Back,pull,
4/12/2023 15:57,,Pulldowns,55,8,,,,,Back,pull,
4/12/2023 15:57,,Incline Curls,12,12,,,,,Biceps,pull,
4/12/2023 15:57,,Incline Curls,14,8,,,,,Biceps,pull,
4/12/2023 15:57,,Incline Curls,12,10,,,,,Biceps,pull,
4/12/2023 15:57,,Straight Arm Pulldowns,20,12,,,,,Back,pull,
4/12/2023 15:57,,Straight Arm Pulldowns,22.5,12,,,,,Back,pull,
4/12/2023 15:57,,Straight Arm Pulldowns,25,8,,,,,Back,pull,
4/12/2023 15:57,,Dumbbell Row,14,12,,,,,Back,pull,
4/12/2023 15:57,,Dumbbell Row,18,12,,,,,Back,pull,
4/12/2023 15:57,,Dumbbell Row,16,8,,,,,Back,pull,
4/10/2023 17:43,,Squat,60,8,,,,,Legs,leg,
4/10/2023 17:43,,Squat,80,8,,,,,Legs,leg,
4/10/2023 17:43,,Squat,100,,,,,,Legs,leg,
4/10/2023 17:43,,Squat,,,,,,,Legs,leg,
4/9/2023 16:31,,Bench Press,40,12,,,,,Chest,push,
4/9/2023 16:31,,Bench Press,60,12,,,,,Chest,push,
4/9/2023 16:31,,Bench Press,70,6,,,,,Chest,push,
4/9/2023 16:31,,Bench Press,,,,,,,Chest,push,
4/6/2023 15:52,,Deadlift,60,5,,,,,Back,pull,
4/6/2023 15:52,,Deadlift,90,6,,,,,Back,pull,
4/6/2023 15:52,,Deadlift,110,1,,,,,Back,pull,
4/6/2023 15:52,,Deadlift,100,3,,,,,Back,pull,
4/6/2023 15:52,,Straight Arm Pulldowns,17.5,12,,,,,Back,pull,
4/6/2023 15:52,,Straight Arm Pulldowns,25,8,,,,,Back,pull,
4/6/2023 15:52,,Straight Arm Pulldowns,20,8,,,,,Back,pull,
4/6/2023 15:52,,Incline Curls,12,12,,,,,Biceps,pull,
4/6/2023 15:52,,Incline Curls,14,8,,,,,Biceps,pull,
4/6/2023 15:52,,Incline Curls,12,10,,,,,Biceps,pull,
4/6/2023 15:52,,Hammer Curl,,,,,,,Biceps,pull,
4/5/2023 12:35,,Bench Press,40,12,,,,,Chest,push,
4/5/2023 12:35,,Bench Press,60,12,,,,,Chest,push,
4/5/2023 12:35,,Bench Press,70,7,,,,,Chest,push,
4/5/2023 12:35,,Bench Press,60,12,,,,,Chest,push,
4/5/2023 12:35,,Shoulder Dumbbell Press,22,12,,,,,Shoulders,push,
4/5/2023 12:35,,Shoulder Dumbbell Press,26,9,,,,,Shoulders,push,
4/5/2023 12:35,,Shoulder Dumbbell Press,30,3,,,,,Shoulders,push,
4/5/2023 12:35,,Shoulder Dumbbell Press,,,,,,,Shoulders,push,
4/4/2023 15:15,,Squat,60,8,,,,,Legs,leg,
4/4/2023 15:15,,Squat,80,6,,,,,Legs,leg,
4/4/2023 15:15,,Squat,100,6,,,,,Legs,leg,
4/4/2023 15:15,,Squat,120,4,,,,,Legs,leg,
4/3/2023 14:55,,Bench Press,,,,,,,Chest,push,
4/3/2023 14:55,,Bench Press,60,12,,,,,Chest,push,
4/3/2023 14:55,,Bench Press,70,6,,,,,Chest,push,
4/3/2023 14:55,,Bench Press,70,5,,,,,Chest,push,
4/3/2023 14:55,,Bench Press,,,,,,,Chest,push,
4/3/2023 14:55,,Shoulder Dumbbell Press,20,12,,,,,Shoulders,push,
4/3/2023 14:55,,Shoulder Dumbbell Press,26,8,,,,,Shoulders,push,
4/3/2023 14:55,,Shoulder Dumbbell Press,28,6,,,,,Shoulders,push,
4/3/2023 14:55,,Shoulder Dumbbell Press,,,,,,,Shoulders,push,
4/2/2023 16:51,,Pulldowns,65,12,,,,,Back,pull,
4/2/2023 16:51,,Pulldowns,70,5,,,,,Back,pull,
4/2/2023 16:51,,Pulldowns,55,8,,,,,Back,pull,
4/2/2023 16:51,,Dumbbell Row,12.5,12,,,,,Back,pull,
4/2/2023 16:51,,Dumbbell Row,16,12,,,,,Back,pull,
4/2/2023 16:51,,Dumbbell Row,16,8,,,,,Back,pull,
4/2/2023 16:51,,Incline Curls,12,12,,,,,Biceps,pull,
4/2/2023 16:51,,Incline Curls,14,10,,,,,Biceps,pull,
4/2/2023 16:51,,Incline Curls,,,,,,,Biceps,pull,
3/30/2023 21:10,,Bench Press,40,12,,,,,Chest,push,
3/30/2023 21:10,,Bench Press,60,12,,,,,Chest,push,
3/30/2023 21:10,,Bench Press,75,3,,,,,Chest,push,
3/30/2023 21:10,,Bench Press,70,5,,,,,Chest,push,
3/30/2023 21:10,,Shoulder Dumbbell Press,20,10,,,,,Shoulders,push,
3/30/2023 21:10,,Shoulder Dumbbell Press,25,6,,,,,Shoulders,push,
3/30/2023 21:10,,Shoulder Dumbbell Press,27.5,4,2,,,,Shoulders,push,
3/30/2023 21:10,,Cable Crossovers,9.1,10,,,,,Chest,push,
3/30/2023 21:10,,Cable Crossovers,9.1,10,,,,,Chest,push,
3/30/2023 21:10,,Cable Crossovers,6.8,15,,,,,Chest,push,
3/30/2023 21:10,,Cable Lat Raise,5,10,,,,,Shoulders,push,
3/30/2023 21:10,,Cable Lat Raise,5,10,,,,,Shoulders,push,
3/30/2023 21:10,,Cable Lat Raise,2.5,102,,,,,Shoulders,push,
3/30/2023 21:10,,Cable Lat Raise,78,,,,,,Shoulders,push,
3/30/2023 21:10,,Pec Dec,73,6,,,,,Chest,push,
3/30/2023 21:10,,Pec Dec,63,8,,,,,Chest,push,
3/30/2023 21:10,,Pec Dec,61,8,,,,,Chest,push,
3/27/2023 23:46,,Pulldowns,60,12,wide,,,,Back,pull,
3/27/2023 23:46,,Pulldowns,70,8,,,,,Back,pull,
3/27/2023 23:46,,Pulldowns,60,8,,,,,Back,pull,
3/27/2023 23:46,,Incline Curls,10,12,,,,,Biceps,pull,
3/27/2023 23:46,,Incline Curls,12.5,8,,,,,Biceps,pull,
3/27/2023 23:46,,Incline Curls,15,8,,,,,Biceps,pull,
3/27/2023 23:46,,Incline Curls,15,8,,,,,Biceps,pull,
3/27/2023 23:46,,Straight Arm Pulldowns,15,12,,,,,Back,pull,
3/27/2023 23:46,,Straight Arm Pulldowns,25,12,,,,,Back,pull,
3/27/2023 23:46,,Straight Arm Pulldowns,25,12,,,,,Back,pull,
3/27/2023 23:46,,Hammer Curl,15,12,,,,,Biceps,pull,
3/27/2023 23:46,,Hammer Curl,17.5,3,,,,,Biceps,pull,
3/27/2023 23:46,,Hammer Curl,,,,,,,Biceps,pull,
3/26/2023 17:57,3/26/2023 18:41,Dips,12.5,6,,,,,Triceps,push,
3/26/2023 17:57,3/26/2023 18:41,Dips,15,5,,,,,Triceps,push,
3/26/2023 17:57,3/26/2023 18:41,Shoulder Dumbbell Press,20,8,,,,,Shoulders,push,
3/26/2023 17:57,3/26/2023 18:41,Shoulder Dumbbell Press,25,5,,,,,Shoulders,push,
3/26/2023 17:57,3/26/2023 18:41,Shoulder Dumbbell Press,27.5,3,,,,,Shoulders,push,
3/26/2023 17:57,3/26/2023 18:41,Triceps Extensions,17.5,8,,,,,Triceps,push,
3/26/2023 17:57,3/26/2023 18:41,Triceps Extensions,15,12,,,,,Triceps,push,
3/26/2023 17:57,3/26/2023 18:41,Triceps Extensions,15,12,,,,,Triceps,push,
3/26/2023 17:57,3/26/2023 18:41,Cable Lat Raise,5,10,,,,,Shoulders,push,
3/26/2023 17:57,3/26/2023 18:41,Cable Lat Raise,5,10,,,,,Shoulders,push,
3/26/2023 17:57,3/26/2023 18:41,Cable Lat Raise,5,8,,,,,Shoulders,push,
3/26/2023 17:57,3/26/2023 18:41,Cable Fly,4.5,12,,,,,Chest,push,
3/26/2023 17:57,3/26/2023 18:41,Cable Fly,4.5,12,,,,,Chest,push,
3/26/2023 17:57,3/26/2023 18:41,Cable Fly,4.5,12,,,,,Chest,push,
3/26/2023 17:57,3/26/2023 18:41,Cable Crossovers,9.1,10,,,,,Chest,push,
3/26/2023 17:57,3/26/2023 18:41,Cable Crossovers,9.1,12,,,,,Chest,push,
3/26/2023 17:57,3/26/2023 18:41,Cable Crossovers,9.1,12,,,,,Chest,push,
3/22/2023 14:54,,Shoulder Dumbbell Press,15,8,,,,,Shoulders,push,
3/22/2023 14:54,,Shoulder Dumbbell Press,25,10,,,,,Shoulders,push,
3/22/2023 14:54,,Shoulder Dumbbell Press,30,4,,,,,Shoulders,push,
3/22/2023 14:54,,Shoulder Dumbbell Press,,,,,,,Shoulders,push,
3/21/2023 14:38,,Leg Press,120,12,,,,,Legs,lower,
3/21/2023 14:38,,Leg Press,130,12,,,,,Legs,lower,
3/21/2023 14:38,,Leg Press,140,10,,,,,Legs,lower,
3/20/2023 22:06,,Shoulder Dumbbell Press,12.5,8,,,,,Shoulders,shoulder/arm,
3/20/2023 22:06,,Shoulder Dumbbell Press,27.5,6,,,,,Shoulders,shoulder/arm,
3/20/2023 22:06,,Shoulder Dumbbell Press,30,,,,,,Shoulders,shoulder/arm,
3/20/2023 22:06,,Incline Curls,15,8,,,,,Biceps,shoulder/arm,
3/20/2023 22:06,,Incline Curls,12.5,8,,,,,Biceps,shoulder/arm,
3/20/2023 22:06,,Incline Curls,12.5,8,,,,,Biceps,shoulder/arm,
3/20/2023 22:06,,Cable Lat Raise,5,10,,,,,Shoulders,shoulder/arm,
3/20/2023 22:06,,Cable Lat Raise,6125,10,,,,,Shoulders,shoulder/arm,
3/20/2023 22:06,,Cable Lat Raise,2.5,12,,,,,Shoulders,shoulder/arm,
3/20/2023 22:06,,Hammer Curl,15,12,,,,,Biceps,shoulder/arm,
3/20/2023 22:06,,Hammer Curl,17.5,8,,,,,Biceps,shoulder/arm,
3/20/2023 22:06,,Hammer Curl,15,8,,,,,Biceps,shoulder/arm,
3/20/2023 22:06,,Hammer Curl,12.5,12,,,,,Biceps,shoulder/arm,
3/19/2023 21:50,,Dips,0,8,,,,,Triceps,chest/back,
3/19/2023 21:50,,Dips,0,8,,,,,Triceps,chest/back,
3/19/2023 21:50,,Dips,0,8,,,,,Triceps,chest/back,
3/19/2023 21:50,,Incline Dumbbell Press,20,10,,,,,Chest,chest/back,
3/19/2023 21:50,,Incline Dumbbell Press,27.5,6,,,,,Chest,chest/back,
3/19/2023 21:50,,Incline Dumbbell Press,30,8,,,,,Chest,chest/back,
3/16/2023 21:22,,Bench Press,40,8,,,,,Chest,push,
3/16/2023 21:22,,Bench Press,60,5,,,,,Chest,push,
3/16/2023 21:22,,Bench Press,70,2,,,,,Chest,push,
3/16/2023 21:22,,Bench Press,80,1,,,,,Chest,push,
3/16/2023 21:22,,Bench Press,85,1,,,,,Chest,push,
3/16/2023 21:22,,Shoulder Dumbbell Press,20,12,,,,,Shoulders,push,
3/16/2023 21:22,,Shoulder Dumbbell Press,27.5,4,,,,,Shoulders,push,
3/16/2023 21:22,,Shoulder Dumbbell Press,25,6,,,,,Shoulders,push,
3/16/2023 21:22,,Cable Crossovers,11.3,4,,,,,Chest,push,
3/16/2023 21:22,,Cable Crossovers,9.1,12,,,,,Chest,push,
3/16/2023 21:22,,Cable Crossovers,6.8,12,,,,,Chest,push,
3/16/2023 21:22,,Triceps Extensions,17.5,8,,,,,Triceps,push,
3/16/2023 21:22,,Triceps Extensions,15,12,,,,,Triceps,push,
3/16/2023 21:22,,Triceps Extensions,15,12,,,,,Triceps,push,
3/16/2023 21:22,,Cable Lat Raise,5,5,,,,,Shoulders,push,
3/16/2023 21:22,,Cable Lat Raise,2.5,10,,,,,Shoulders,push,
3/16/2023 21:22,,Cable Lat Raise,2.5,6,,,,,Shoulders,push,
3/13/2023 22:34,,Shoulder Dumbbell Press,20,12,,,,,Shoulders,shoulder/arm,
3/13/2023 22:34,,Shoulder Dumbbell Press,27.5,,,,,,Shoulders,shoulder/arm,
3/13/2023 22:34,,Shoulder Dumbbell Press,25,8,,,,,Shoulders,shoulder/arm,
3/13/2023 22:34,,Shoulder Dumbbell Press,,,,,,,Shoulders,shoulder/arm,
3/12/2023 13:59,,Bench Press,40,8,,,,,Chest,chest/back,
3/12/2023 13:59,,Bench Press,60,12,,,,,Chest,chest/back,
3/12/2023 13:59,,Bench Press,70,6,,,,,Chest,chest/back,
3/12/2023 13:59,,Bench Press,,,,,,,Chest,chest/back,
3/10/2023 21:33,,Pulldowns,60,12,,,,,Back,pull,
3/10/2023 21:33,,Pulldowns,70,7,,,,,Back,pull,
3/10/2023 21:33,,Pulldowns,60,8,,,,,Back,pull,
3/10/2023 21:33,,Incline Curls,10,8,didnt push too hard elbow injury,,,,Biceps,pull,
3/10/2023 21:33,,Incline Curls,,,,,,,Biceps,pull,
3/10/2023 21:33,,Incline Curls,,,,,,,Biceps,pull,
3/9/2023 20:34,,Dips,0,8,,,,,Triceps,push,
3/9/2023 20:34,,Dips,0,8,,,,,Triceps,push,
3/9/2023 20:34,,Dips,0,8,,,,,Triceps,push,
3/9/2023 20:34,,Bench Press,40,8,,,,,Chest,push,
3/9/2023 20:34,,Bench Press,60,12,,,,,Chest,push,
3/9/2023 20:34,,Bench Press,75,3,,,,,Chest,push,
3/9/2023 20:34,,Shoulder Dumbbell Press,20,12,,,,,Shoulders,push,
3/9/2023 20:34,,Shoulder Dumbbell Press,27.5,5,,,,,Shoulders,push,
3/9/2023 20:34,,Shoulder Dumbbell Press,25,8,,,,,Shoulders,push,
3/9/2023 20:34,,Cable Crossovers,9.1,12,,,,,Chest,push,
3/9/2023 20:34,,Cable Crossovers,9.1,10,,,,,Chest,push,
3/9/2023 20:34,,Cable Crossovers,6.8,12,,,,,Chest,push,
3/9/2023 20:34,,Triceps Extensions,21.5,8,,,,,Triceps,push,
3/7/2023 23:13,,Deadlift,60,5,,,,,Back,lower,
3/7/2023 23:13,,Deadlift,80,6,,,,,Back,lower,
3/7/2023 23:13,,Deadlift,100,5,,,,,Back,lower,
3/7/2023 23:13,,Deadlift,150,1,,,,,Back,lower,
3/7/2023 23:13,,Leg Press,100,12,,,,,Legs,lower,
3/7/2023 23:13,,Leg Press,130,8,,,,,Legs,lower,
3/7/2023 23:13,,Leg Press,140,6,,,,,Legs,lower,
3/7/2023 23:13,,Leg Extensions,73,8,,,,,Legs,lower,
3/7/2023 23:13,,Leg Extensions,,,,,,,Legs,lower,
3/7/2023 23:13,,Calf Raises,136,8,,,,,Legs,lower,
3/7/2023 23:13,,Calf Raises,,,,,,,Legs,lower,
3/6/2023 20:34,,Incline Curls,15,8,didnt push too hard elbow injury,,,,Biceps,arms/shoulder,
3/6/2023 20:34,,Incline Curls,15,5,,,,,Biceps,arms/shoulder,
3/6/2023 20:34,,Incline Curls,15,5,,,,,Biceps,arms/shoulder,
3/6/2023 20:34,,Triceps Extensions,21.5,8,,,,,Triceps,arms/shoulder,
3/6/2023 20:34,,Triceps Extensions,17.5,12,,,,,Triceps,arms/shoulder,
3/6/2023 20:34,,Triceps Extensions,15,12,,,,,Triceps,arms/shoulder,
3/6/2023 20:34,,Hammer Curl,15,12,,,,,Biceps,arms/shoulder,
3/6/2023 20:34,,Hammer Curl,17.5,6,,,,,Biceps,arms/shoulder,
3/6/2023 20:34,,Hammer Curl,15,8,,,,,Biceps,arms/shoulder,
3/6/2023 20:34,,Dumbbell Lateral Raises,12.5,5,,,,,Shoulders,arms/shoulder,
3/6/2023 20:34,,Dumbbell Lateral Raises,10,8,,,,,Shoulders,arms/shoulder,
3/6/2023 20:34,,Dumbbell Lateral Raises,10,6,,,,,Shoulders,arms/shoulder,
3/6/2023 20:34,,Cable Crossovers,11.3,,,,,,Chest,arms/shoulder,
3/6/2023 20:34,,Cable Crossovers,9.1,10,,,,,Chest,arms/shoulder,
3/6/2023 20:34,,Cable Crossovers,6.8,12,,,,,Chest,arms/shoulder,
3/5/2023 19:35,,Bench Press,40,8,,,,,Chest,chest/back,
3/5/2023 19:35,,Bench Press,60,12,,,,,Chest,chest/back,
3/5/2023 19:35,,Bench Press,70,7,,,,,Chest,chest/back,
3/5/2023 19:35,,Bench Press,60,8,,,,,Chest,chest/back,
3/5/2023 19:35,,Dumbbell Row,12.5,12,,,,,Back,chest/back,
3/5/2023 19:35,,Dumbbell Row,15,12,,,,,Back,chest/back,
3/5/2023 19:35,,Dumbbell Row,15,12,,,,,Back,chest/back,
3/5/2023 19:35,,Dips,0,5,,,,,Triceps,chest/back,
3/5/2023 19:35,,Dips,0,5,,,,,Triceps,chest/back,
3/5/2023 19:35,,Dips,0,5,,,,,Triceps,chest/back,
3/5/2023 19:35,,Straight Arm Pulldowns,25,8,,,,,Back,chest/back,
3/5/2023 19:35,,Straight Arm Pulldowns,22.5,12,,,,,Back,chest/back,
3/5/2023 19:35,,Straight Arm Pulldowns,22.5,12,,,,,Back,chest/back,
3/5/2023 19:35,,Cable Fly,6.8,8,,,,,Chest,chest/back,
3/2/2023 18:03,,Bench Press,40,12,,,,,Chest,push,
3/2/2023 18:03,,Bench Press,60,8,,,,,Chest,push,
3/2/2023 18:03,,Bench Press,75,3,,,,,Chest,push,
3/2/2023 18:03,,Shoulder Dumbbell Press,20,12,,,,,Shoulders,push,
3/2/2023 18:03,,Shoulder Dumbbell Press,26,8,,,,,Shoulders,push,
3/2/2023 18:03,,Shoulder Dumbbell Press,28,4,,,,,Shoulders,push,
3/2/2023 18:03,,Cable Crossovers,11.3,8,,,,,Chest,push,
3/2/2023 18:03,,Cable Crossovers,9.1,12,,,,,Chest,push,
3/2/2023 18:03,,Cable Crossovers,6.8,12,,,,,Chest,push,
3/2/2023 18:03,,Dips,0,7,,,,,Triceps,push,
3/2/2023 18:03,,Dips,0,7,,,,,Triceps,push,
3/2/2023 18:03,,Dips,0,7,,,,,Triceps,push,
3/2/2023 18:03,,Dumbbell Lateral Raises,10,8,,,,,Shoulders,push,
3/2/2023 18:03,,Dumbbell Lateral Raises,10,8,,,,,Shoulders,push,
3/2/2023 18:03,,Dumbbell Lateral Raises,10,5,,,,,Shoulders,push,
2/28/2023 23:30,,Deadlift,60,8,,,,,Back,lower,
2/28/2023 23:30,,Deadlift,80,6,,,,,Back,lower,
2/28/2023 23:30,,Deadlift,120,5,,,,,Back,lower,
2/28/2023 23:30,,Deadlift,140,3,,,,,Back,lower,
2/28/2023 23:30,,Deadlift,80,4,,,,,Back,lower,
2/28/2023 23:30,,Leg Press,50,,,,,,Legs,lower,
2/27/2023 20:36,,Shoulder Dumbbell Press,20,12,,,,,Shoulders,arms/shoulder,
2/27/2023 20:36,,Shoulder Dumbbell Press,25,7,,,,,Shoulders,arms/shoulder,
2/27/2023 20:36,,Shoulder Dumbbell Press,27.5,4,,,,,Shoulders,arms/shoulder,
2/27/2023 20:36,,Incline Curls,15,8,,,,,Biceps,arms/shoulder,
2/27/2023 20:36,,Incline Curls,15,7,,,,,Biceps,arms/shoulder,
2/27/2023 20:36,,Incline Curls,12.5,9,,,,,Biceps,arms/shoulder,
2/27/2023 20:36,,Triceps Extensions,21.5,12,,,,,Triceps,arms/shoulder,
2/27/2023 20:36,,Triceps Extensions,21.5,10,,,,,Triceps,arms/shoulder,
2/27/2023 20:36,,Triceps Extensions,17.5,12,,,,,Triceps,arms/shoulder,
2/27/2023 20:36,,Hammer Curl,15,12,,,,,Biceps,arms/shoulder,
2/27/2023 20:36,,Hammer Curl,20,6,,,,,Biceps,arms/shoulder,
2/27/2023 20:36,,Hammer Curl,17.5,8,,,,,Biceps,arms/shoulder,
2/27/2023 20:36,,Cable Crossovers,11.3,8,,,,,Chest,arms/shoulder,
2/27/2023 20:36,,Cable Crossovers,9.1,12,,,,,Chest,arms/shoulder,
2/27/2023 20:36,,Cable Crossovers,6.8,12,,,,,Chest,arms/shoulder,
2/27/2023 20:36,,Dumbbell Lateral Raises,12.5,5,,,,,Shoulders,arms/shoulder,
2/27/2023 20:36,,Dumbbell Lateral Raises,10,8,,,,,Shoulders,arms/shoulder,
2/27/2023 20:36,,Dumbbell Lateral Raises,7.5,12,,,,,Shoulders,arms/shoulder,
2/26/2023 19:56,,Dips,0,7,,,,,Triceps,chest/back,
2/26/2023 19:56,,Dips,0,7,,,,,Triceps,chest/back,
2/26/2023 19:56,,Dips,0,7,,,,,Triceps,chest/back,
2/26/2023 19:56,,Dumbbell Row,15,12,,,,,Back,chest/back,
2/26/2023 19:56,,Dumbbell Row,15,12,,,,,Back,chest/back,
2/26/2023 19:56,,Dumbbell Row,15,10,,,,,Back,chest/back,
2/26/2023 19:56,,Straight Arm Pulldowns,25,12,,,,,Back,chest/back,
2/26/2023 19:56,,Straight Arm Pulldowns,25,12,,,,,Back,chest/back,
2/26/2023 19:56,,Straight Arm Pulldowns,25,,,,,,Back,chest/back,
2/25/2023 20:49,,Squat,60,8,,,,,Legs,leg,
2/25/2023 20:49,,Squat,100,5,,,,,Legs,leg,
2/25/2023 20:49,,Squat,120,3,,,,,Legs,leg,
2/25/2023 20:49,,Squat,100,4,,,,,Legs,leg,
2/25/2023 20:49,,Leg Press,50,10,,,,,Legs,leg,
2/24/2023 14:23,,Deadlift,60,12,,,,,Back,pull,
2/24/2023 14:23,,Deadlift,80,5,,,,,Back,pull,
2/24/2023 14:23,,Deadlift,120,3,,,,,Back,pull,
2/24/2023 14:23,,Deadlift,150,1,,,,,Back,pull,
2/24/2023 14:23,,Incline Curls,15,5,0.5,,,,Biceps,pull,
2/24/2023 14:23,,Incline Curls,15,7,,,,,Biceps,pull,
2/24/2023 14:23,,Incline Curls,10,12,,,,,Biceps,pull,
2/24/2023 14:23,,Dumbbell Row,15,8,,,,,Back,pull,
2/24/2023 14:23,,Dumbbell Row,12.5,12,,,,,Back,pull,
2/24/2023 14:23,,Dumbbell Row,12.5,10,,,,,Back,pull,
2/24/2023 14:23,,Hammer Curl,20,7,,,,,Biceps,pull,
2/24/2023 14:23,,Hammer Curl,15,10,,,,,Biceps,pull,
2/24/2023 14:23,,Hammer Curl,10,12,,,,,Biceps,pull,
2/24/2023 14:23,,Straight Arm Pulldowns,25,10,,,,,Back,pull,
2/24/2023 14:23,,Straight Arm Pulldowns,21.5,10,,,,,Back,pull,
2/24/2023 14:23,,Straight Arm Pulldowns,17.5,,,,,,Back,pull,
2/23/2023 20:58,,Dips,0,10,,,,,Triceps,push,
2/23/2023 20:58,,Dips,0,7,,,,,Triceps,push,
2/23/2023 20:58,,Dips,0,5,,,,,Triceps,push,
2/23/2023 20:58,,Cable Crossovers,9.1,12,,,,,Chest,push,
2/23/2023 20:58,,Cable Crossovers,9.1,12,,,,,Chest,push,
2/23/2023 20:58,,Cable Crossovers,6.8,12,,,,,Chest,push,
2/23/2023 20:58,,Bench Press,70,3,,,,,Chest,push,
2/23/2023 20:58,,Bench Press,60,8,,,,,Chest,push,
2/23/2023 20:58,,Shoulder Dumbbell Press,20,12,,,,,Shoulders,push,
2/23/2023 20:58,,Shoulder Dumbbell Press,25,5,,,,,Shoulders,push,
2/23/2023 20:58,,Shoulder Dumbbell Press,22.5,8,,,,,Shoulders,push,
2/23/2023 20:58,,Triceps Extensions,21.5,10,,,,,Triceps,push,
2/23/2023 20:58,,Triceps Extensions,17.5,8,,,,,Triceps,push,
2/23/2023 20:58,,Triceps Extensions,15,15,,,,,Triceps,push,
2/23/2023 20:58,,Dumbbell Lateral Raises,12.5,4,,,,,Shoulders,push,
2/23/2023 20:58,,Dumbbell Lateral Raises,10,8,,,,,Shoulders,push,
2/23/2023 20:58,,Dumbbell Lateral Raises,10,8,,,,,Shoulders,push,
2/21/2023 23:58,,Deadlift,40,8,,,,,Back,lower,
2/21/2023 23:58,,Deadlift,80,5,,,,,Back,lower,
2/21/2023 23:58,,Deadlift,100,6,,,,,Back,lower,
2/21/2023 23:58,,Deadlift,130,2,,,,,Back,lower,
2/21/2023 23:58,,Deadlift,140,1,,,,,Back,lower,
2/21/2023 23:58,,Leg Press,110,12,,,,,Legs,lower,
2/21/2023 23:58,,Leg Press,140,10,,,,,Legs,lower,
2/21/2023 23:58,,Leg Press,,,,,,,Legs,lower,
2/21/2023 23:58,,Calf Raises,127,10,,,,,Legs,lower,
2/21/2023 23:58,,Calf Raises,118,,,,,,Legs,lower,
2/20/2023 22:01,,Shoulder Dumbbell Press,20,12,,,,,Shoulders,arm/shoulder,
2/20/2023 22:01,,Shoulder Dumbbell Press,25,6,,,,,Shoulders,arm/shoulder,
2/20/2023 22:01,,Shoulder Dumbbell Press,,,,,,,Shoulders,arm/shoulder,
2/19/2023 23:04,,Bench Press,40,12,,,,,Chest,chest/back,
2/19/2023 23:04,,Bench Press,60,12,,,,,Chest,chest/back,
2/19/2023 23:04,,Bench Press,65,5,,,,,Chest,chest/back,
2/19/2023 23:04,,Bench Press,60,6,paused,,,,Chest,chest/back,
2/19/2023 23:04,,Straight Arm Pulldowns,21.25,12,,,,,Back,chest/back,
2/19/2023 23:04,,Straight Arm Pulldowns,21.5,12,,,,,Back,chest/back,
2/19/2023 23:04,,Straight Arm Pulldowns,17.5,15,,,,,Back,chest/back,
2/19/2023 23:04,,Cable Fly,6.8,8,,,,,Chest,chest/back,
2/19/2023 23:04,,Cable Fly,4.5,8,,,,,Chest,chest/back,
2/19/2023 23:04,,Cable Fly,4.5,8,,,,,Chest,chest/back,
2/19/2023 23:04,,Dumbbell Row,12.5,12,,,,,Back,chest/back,
2/19/2023 23:04,,Dumbbell Row,15,8,,,,,Back,chest/back,
2/19/2023 23:04,,Dumbbell Row,15,8,,,,,Back,chest/back,
2/18/2023 16:50,,Deadlift,40,8,,,,,Back,pull,
2/18/2023 16:50,,Deadlift,70,5,,,,,Back,pull,
2/18/2023 16:50,,Deadlift,90,5,,,,,Back,pull,
2/18/2023 16:50,,Deadlift,120,4,,,,,Back,pull,
2/18/2023 16:50,,Deadlift,130,1,,,,,Back,pull,
2/18/2023 16:50,,Dumbbell Row,12.5,12,,,,,Back,pull,
2/18/2023 16:50,,Dumbbell Row,15,12,,,,,Back,pull,
2/18/2023 16:50,,Dumbbell Row,15,123,,,,,Back,pull,
2/18/2023 16:50,,Incline Curls,15,6,,,,,Biceps,pull,
2/18/2023 16:50,,Incline Curls,15,8,,,,,Biceps,pull,
2/18/2023 16:50,,Incline Curls,12.5,6,,,,,Biceps,pull,
2/18/2023 16:50,,Incline Curls,12.5,12,,,,,Biceps,pull,
2/18/2023 16:50,,Incline Curls,,,,,,,Biceps,pull,
2/18/2023 16:50,,Hammer Curl,20,5,,,,,Biceps,pull,
2/18/2023 16:50,,Hammer Curl,15,8,,,,,Biceps,pull,
2/17/2023 22:31,2/17/2023 22:34,Bench Press,40,10,,,,,Chest,push,
2/17/2023 22:31,2/17/2023 22:34,Bench Press,60,12,,,,,Chest,push,
2/17/2023 22:31,2/17/2023 22:34,Bench Press,70,4,,,,,Chest,push,
2/17/2023 22:31,2/17/2023 22:34,Bench Press,65,6,,,,,Chest,push,
2/17/2023 22:31,2/17/2023 22:34,Shoulder Dumbbell Press,17.5,10,,,,,Shoulders,push,
2/17/2023 22:31,2/17/2023 22:34,Shoulder Dumbbell Press,20,10,,,,,Shoulders,push,
2/17/2023 22:31,2/17/2023 22:34,Shoulder Dumbbell Press,27.5,3,,,,,Shoulders,push,
2/17/2023 22:31,2/17/2023 22:34,Shoulder Dumbbell Press,30,1,,,,,Shoulders,push,
2/14/2023 20:01,2/14/2023 20:56,Deadlift,60,8,,,,,Back,pull,
2/14/2023 20:01,2/14/2023 20:56,Deadlift,100,5,too much,,,,Back,pull,
2/14/2023 20:01,2/14/2023 20:56,Deadlift,100,5,,,,,Back,pull,
2/14/2023 20:01,2/14/2023 20:56,Deadlift,120,1,,,,,Back,pull,
2/14/2023 20:01,2/14/2023 20:56,Deadlift,125,1,,,,,Back,pull,
2/14/2023 20:01,2/14/2023 20:56,Straight Arm Pulldowns,21.25,12,,,,,Back,pull,
2/14/2023 20:01,2/14/2023 20:56,Straight Arm Pulldowns,21.5,12,,,,,Back,pull,
2/14/2023 20:01,2/14/2023 20:56,Incline Curls,12.5,12,,,,,Biceps,pull,
2/14/2023 20:01,2/14/2023 20:56,Incline Curls,15,8,,,,,Biceps,pull,
2/14/2023 20:01,2/14/2023 20:56,Incline Curls,12.5,12,,,,,Biceps,pull,
2/14/2023 20:01,2/14/2023 20:56,Hammer Curl,17.5,8,,,,,Biceps,pull,
2/14/2023 20:01,2/14/2023 20:56,Hammer Curl,15,8,,,,,Biceps,pull,
2/14/2023 20:01,2/14/2023 20:56,Hammer Curl,15,10, ,,,,Biceps,pull,
2/13/2023 19:51,2/13/2023 20:45,Bench Press,40,12,,,,,Chest,push,
2/13/2023 19:51,2/13/2023 20:45,Bench Press,60,11,,,,,Chest,push,
2/13/2023 19:51,2/13/2023 20:45,Bench Press,65,6,,,,,Chest,push,
2/13/2023 19:51,2/13/2023 20:45,Bench Press,67.5,6,,,,,Chest,push,
2/13/2023 19:51,2/13/2023 20:45,Bench Press,70,2,,,,,Chest,push,
2/13/2023 19:51,2/13/2023 20:45,Shoulder Dumbbell Press,20,8,,,,,Shoulders,push,
2/13/2023 19:51,2/13/2023 20:45,Shoulder Dumbbell Press,25,5,kinda ego,,,,Shoulders,push,
2/13/2023 19:51,2/13/2023 20:45,Shoulder Dumbbell Press,22.5,6,,,,,Shoulders,push,
2/13/2023 19:51,2/13/2023 20:45,Pushdowns,17.5,12,,,,,Triceps,push,
2/13/2023 19:51,2/13/2023 20:45,Pushdowns,21.5,5,,,,,Triceps,push,
2/13/2023 19:51,2/13/2023 20:45,Pushdowns,17.5,6,,,,,Triceps,push,
2/13/2023 19:51,2/13/2023 20:45,Pec Dec,64,12,,,,,Chest,push,
2/13/2023 19:51,2/13/2023 20:45,Pec Dec,68,8,,,,,Chest,push,
2/13/2023 19:51,2/13/2023 20:45,Pec Dec,66,5,,,,,Chest,push,
2/13/2023 19:51,2/13/2023 20:45,Dumbbell Lateral Raises,10,10,,,,,Shoulders,push,
2/13/2023 19:51,2/13/2023 20:45,Dumbbell Lateral Raises,10,6,,,,,Shoulders,push,
2/13/2023 19:51,2/13/2023 20:45,Dumbbell Lateral Raises,,,,,,,Shoulders,push,
2/12/2023 21:15,,Squat,60,8,,,,,Legs,leg,
2/12/2023 21:15,,Squat,100,5,,,,,Legs,leg,
2/12/2023 21:15,,Squat,120,2,,,,,Legs,leg,
2/12/2023 21:15,,Squat,140,0,not close,,,,Legs,leg,
2/12/2023 21:15,,Squat,60,12,,,,,Legs,leg,
2/12/2023 21:15,,Leg Press,100,2,,,,,Legs,leg,
2/12/2023 21:15,,Leg Press,140,5,,,,,Legs,leg,
2/12/2023 21:15,,Leg Press,100,12,super lunge 15,,,,Legs,leg,
2/12/2023 21:15,,Calf Raises,118,12,,,,,Legs,leg,
2/12/2023 21:15,,Calf Raises,118,12,,,,,Legs,leg,
2/12/2023 21:15,,Calf Raises,109,12,,,,,Legs,leg,
2/11/2023 23:01,,Deadlift,60,8,,,,,Back,pull,
2/11/2023 23:01,,Deadlift,80,6,,,,,Back,pull,
2/11/2023 23:01,,Deadlift,100,6,,,,,Back,pull,
2/11/2023 23:01,,Deadlift,115,3,,,,,Back,pull,
2/11/2023 23:01,,Pulldowns,60,12,,,,,Back,pull,
2/11/2023 23:01,,Pulldowns,70,12,,,,,Back,pull,
2/11/2023 23:01,,Pulldowns,80,,,,,,Back,pull,
2/11/2023 23:01,,Pulldowns,,,,,,,Back,pull,
2/11/2023 23:01,,Cable Row,50,10,closegrip,,,,Back,pull,
2/11/2023 23:01,,Cable Row,60,5,,,,,Back,pull,
2/11/2023 23:01,,Cable Row,50,10,,,,,Back,pull,
2/11/2023 23:01,,Incline Curls,12.5,12,,,,,Biceps,pull,
2/11/2023 23:01,,Incline Curls,12.5,12,,,,,Biceps,pull,
2/11/2023 23:01,,Incline Curls,15,2,,,,,Biceps,pull,
2/11/2023 23:01,,Incline Curls,10,6,,,,,Biceps,pull,
2/10/2023 20:26,,Bench Press,40,12,,,,,Chest,push,
2/10/2023 20:26,,Bench Press,60,10,,,,,Chest,push,
2/10/2023 20:26,,Bench Press,65,5,,,,,Chest,push,
2/10/2023 20:26,,Bench Press,67.5,5,,,,,Chest,push,
2/10/2023 20:26,,Cable Crossovers,9.1,10,,,,,Chest,push,
2/10/2023 20:26,,Cable Crossovers,9.1,6,,,,,Chest,push,
2/10/2023 20:26,,Cable Crossovers,6.8,10,,,,,Chest,push,
2/10/2023 20:26,,Cable Crossovers,6.8,10,,,,,Chest,push,
2/10/2023 20:26,,Shoulder Dumbbell Press,20,8,,,,,Shoulders,push,
2/10/2023 20:26,,Shoulder Dumbbell Press,25,5,,,,,Shoulders,push,
2/10/2023 20:26,,Shoulder Dumbbell Press,22.5,8,,,,,Shoulders,push,
2/10/2023 20:26,,Incline Bench Press,40,8,,,,,Chest,push,
2/10/2023 20:26,,Incline Bench Press,50,8,,,,,Chest,push,
2/10/2023 20:26,,Incline Bench Press,45,6,,,,,Chest,push,
2/10/2023 20:26,,Pec Dec,64,6,,,,,Chest,push,
2/10/2023 20:26,,Pec Dec,61,8,,,,,Chest,push,
2/7/2023 21:25,,Pulldowns,60,12,,,,,Back,pull,
2/7/2023 21:25,,Pulldowns,70,12,,,,,Back,pull,
2/7/2023 21:25,,Pulldowns,80,5,,,,,Back,pull,
2/7/2023 21:25,,Straight Arm Pulldowns,17.5,12,,,,,Back,pull,
2/7/2023 21:25,,Straight Arm Pulldowns,21.5,12,,,,,Back,pull,
2/7/2023 21:25,,Straight Arm Pulldowns,25,10,,,,,Back,pull,
2/7/2023 21:25,,Straight Arm Pulldowns,,,,,,,Back,pull,
2/7/2023 21:25,,Dumbbell Row,15,10,,,,,Back,pull,
2/7/2023 21:25,,Dumbbell Row,17.5,12,,,,,Back,pull,
2/7/2023 21:25,,Dumbbell Row,17.5,8,,,,,Back,pull,
2/7/2023 21:25,,Incline Curls,12.5,12,,,,,Biceps,pull,
2/7/2023 21:25,,Incline Curls,12.5,12,,,,,Biceps,pull,
2/7/2023 21:25,,Incline Curls,15,6,,,,,Biceps,pull,
2/7/2023 21:25,,Hammer Curl,12.5,12,,,,,Biceps,pull,
2/7/2023 21:25,,Hammer Curl,15,10,,,,,Biceps,pull,
2/7/2023 21:25,,Hammer Curl,15,12,,,,,Biceps,pull,
2/7/2023 21:25,,Hammer Curl,15,11,,,,,Biceps,pull,
2/7/2023 21:25,,Hammer Curl,,,,,,,Biceps,pull,
2/6/2023 20:29,,Bench Press,40,12,,,,,Chest,push,
2/6/2023 20:29,,Bench Press,60,10,,,,,Chest,push,
2/6/2023 20:29,,Bench Press,72.5,2,,,,,Chest,push,
2/6/2023 20:29,,Bench Press,65,5,,,,,Chest,push,
2/6/2023 20:29,,Shoulder Dumbbell Press,20,8,,,,,Shoulders,push,
2/6/2023 20:29,,Shoulder Dumbbell Press,22.5,9,,,,,Shoulders,push,
2/6/2023 20:29,,Shoulder Dumbbell Press,25,6,,,,,Shoulders,push,
2/4/2023 20:49,,Deadlift,50,8,,,,,Back,pull,
2/4/2023 20:49,,Deadlift,80,8,,,,,Back,pull,
2/4/2023 20:49,,Deadlift,100,6,,,,,Back,pull,
2/4/2023 20:49,,Deadlift,105,5,,,,,Back,pull,
2/4/2023 20:49,,Deadlift,110,3,,,,,Back,pull,
2/4/2023 20:49,,Deadlift,105,6,,,,,Back,pull,
2/4/2023 20:49,,Cable Row,50,10,,,,,Back,pull,
2/4/2023 20:49,,Cable Row,50,10,,,,,Back,pull,
2/4/2023 20:49,,Cable Row,60,6,,,,,Back,pull,
2/4/2023 20:49,,Pulldowns,60,12,,,,,Back,pull,
2/4/2023 20:49,,Pulldowns,70,8,,,,,Back,pull,
2/4/2023 20:49,,Pulldowns,50,12,,,,,Back,pull,
2/4/2023 20:49,,Incline Curls,10,12,,,,,Biceps,pull,
2/4/2023 20:49,,Incline Curls,12.5,12,,,,,Biceps,pull,
2/4/2023 20:49,,Incline Curls,15,6,,,,,Biceps,pull,
2/4/2023 20:49,,Incline Curls,10,12,,,,,Biceps,pull,
2/4/2023 20:49,,Hammer Curl,15,6,,,,,Biceps,pull,
2/4/2023 20:49,,Hammer Curl,15,3,,,,,Biceps,pull,
2/4/2023 20:49,,Hammer Curl,12.5,6,,,,,Biceps,pull,
2/4/2023 20:49,,Hammer Curl,,,,,,,Biceps,pull,
2/3/2023 22:24,,Dips,0,7,,,,,Triceps,push,
2/3/2023 22:24,,Dips,0,5,,,,,Triceps,push,
2/3/2023 22:24,,Dips,0,5,,,,,Triceps,push,
2/3/2023 22:24,,Bench Press,40,8,,,,,Chest,push,
2/3/2023 22:24,,Bench Press,60,8,,,,,Chest,push,
2/3/2023 22:24,,Bench Press,65,5,,,,,Chest,push,
2/3/2023 22:24,,Bench Press,62.5,5,,,,,Chest,push,
2/3/2023 22:24,,Bench Press,60,6,,,,,Chest,push,
2/3/2023 22:24,,Shoulder Dumbbell Press,15,12,,,,,Shoulders,push,
2/3/2023 22:24,,Shoulder Dumbbell Press,20,10,,,,,Shoulders,push,
2/3/2023 22:24,,Shoulder Dumbbell Press,22.5,6,,,,,Shoulders,push,
2/3/2023 22:24,,Shoulder Dumbbell Press,20,8,,,,,Shoulders,push,
2/3/2023 22:24,,Cable Crossovers,9.1,8,,,,,Chest,push,
2/3/2023 22:24,,Cable Crossovers,6.8,12,,,,,Chest,push,
2/3/2023 22:24,,Cable Crossovers,6.8,12,,,,,Chest,push,
2/3/2023 22:24,,Cable Crossovers,,,,,,,Chest,push,
2/2/2023 20:46,,Squat,60,8,,,,,Legs,leg,
2/2/2023 20:46,,Squat,90,6,,,,,Legs,leg,
2/2/2023 20:46,,Squat,100,6,,,,,Legs,leg,
2/2/2023 20:46,,Squat,100,5,,,,,Legs,leg,
2/2/2023 20:46,,Squat,120,2,,,,,Legs,leg,
2/2/2023 20:46,,Squat,60,15,,,,,Legs,leg,
2/2/2023 20:46,,Leg Press,100,12,,,,,Legs,leg,
2/2/2023 20:46,,Leg Press,110,12,,,,,Legs,leg,
2/2/2023 20:46,,Leg Press,120,12,,,,,Legs,leg,
2/2/2023 20:46,,Calf Raises,118,12,,,,,Legs,leg,
2/2/2023 20:46,,Calf Raises,118,12,,,,,Legs,leg,
2/2/2023 20:46,,Calf Raises,109,10,,,,,Legs,leg,
2/2/2023 20:46,,Leg Extensions,100,8,,,,,Legs,leg,
2/2/2023 20:46,,Leg Extensions,86,12,,,,,Legs,leg,
2/2/2023 20:46,,Leg Extensions,91,12,,,,,Legs,leg,
2/2/2023 20:46,,Leg Curls,68,12,,,,,Legs,leg,
2/2/2023 20:46,,Leg Curls,,,,,,,Legs,leg,
1/31/2023 22:54,,Pull Up,0,3,,,,,Back,pull,
1/31/2023 22:54,,Pull Up,0,3,,,,,Back,pull,
1/31/2023 22:54,,Hammer Curl,12.5,10,,,,,Biceps,pull,
1/31/2023 22:54,,Hammer Curl,15,10,,,,,Biceps,pull,
1/31/2023 22:54,,Hammer Curl,15,10,,,,,Biceps,pull,
1/31/2023 22:54,,Hammer Curl,12.5,10,,,,,Biceps,pull,
1/31/2023 22:54,,Incline Curls,10,12,,,,,Biceps,pull,
1/30/2023 22:58,,Dips,0,5,,,,,Triceps,push,
1/30/2023 22:58,,Dips,0,5,,,,,Triceps,push,
1/30/2023 22:58,,Dips,0,5,,,,,Triceps,push,
1/30/2023 22:58,,Bench Press,40,8,,,,,Chest,push,
1/30/2023 22:58,,Bench Press,60,8,,,,,Chest,push,
1/30/2023 22:58,,Bench Press,70,2,,,,,Chest,push,
1/30/2023 22:58,,Bench Press,60,6,,,,,Chest,push,
1/30/2023 22:58,,Bench Press,60,6,,,,,Chest,push,
1/30/2023 22:58,,Bench Press,60,,,,,,Chest,push,
1/30/2023 22:58,,Shoulder Dumbbell Press,15,12,,,,,Shoulders,push,
1/30/2023 22:58,,Shoulder Dumbbell Press,20,12,,,,,Shoulders,push,
1/30/2023 22:58,,Shoulder Dumbbell Press,25,1,#NAME?,,,,Shoulders,push,
1/30/2023 22:58,,Shoulder Dumbbell Press,17.5,12,,,,,Shoulders,push,
1/30/2023 22:58,,Cable Crossovers,9.1,7,,,,,Chest,push,
1/30/2023 22:58,,Cable Crossovers,6.8,12,,,,,Chest,push,
1/30/2023 22:58,,Cable Crossovers,6.8,12,,,,,Chest,push,
1/30/2023 22:58,,Chest Press,64,7,,,,,Chest,push,
1/30/2023 22:58,,Chest Press,59,7,,,,,Chest,push,
1/29/2023 22:04,1/29/2023 22:44,Squat,60,8,,,,,Legs,leg,
1/29/2023 22:04,1/29/2023 22:44,Squat,80,8,,,,,Legs,leg,
1/29/2023 22:04,1/29/2023 22:44,Squat,100,8,,,,,Legs,leg,
1/29/2023 22:04,1/29/2023 22:44,Squat,110,3,,,,,Legs,leg,
1/29/2023 22:04,1/29/2023 22:44,Leg Press,100,12,,,,,Legs,leg,
1/29/2023 22:04,1/29/2023 22:44,Leg Press,110,12,,,,,Legs,leg,
1/29/2023 22:04,1/29/2023 22:44,Leg Press,120,12,,,,,Legs,leg,
1/29/2023 22:04,1/29/2023 22:44,Calf Raises,118,12,,,,,Legs,leg,
1/29/2023 22:04,1/29/2023 22:44,Calf Raises,118,12,,,,,Legs,leg,
1/29/2023 22:04,1/29/2023 22:44,Calf Raises,109,100,,,,,Legs,leg,
1/28/2023 22:22,1/28/2023 23:45,Cable Row,50,10,wide grip,,,,Back,pull,
1/28/2023 22:22,1/28/2023 23:45,Cable Row,50,10,,,,,Back,pull,
1/28/2023 22:22,1/28/2023 23:45,Cable Row,60,5,,,,,Back,pull,
1/28/2023 22:22,1/28/2023 23:45,Straight Arm Pulldowns,17.5,12,,,,,Back,pull,
1/28/2023 22:22,1/28/2023 23:45,Straight Arm Pulldowns,17.5,12,,,,,Back,pull,
1/28/2023 22:22,1/28/2023 23:45,Straight Arm Pulldowns,21.5,8,-4,,,,Back,pull,
1/28/2023 22:22,1/28/2023 23:45,Pulldowns,50,12,easy,,,,Back,pull,
1/28/2023 22:22,1/28/2023 23:45,Pulldowns,70,8,,,,,Back,pull,
1/28/2023 22:22,1/28/2023 23:45,Pulldowns,80,5,-3,,,,Back,pull,
1/28/2023 22:22,1/28/2023 23:45,Dumbbell Row,15,10,cardio,,,,Back,pull,
1/28/2023 22:22,1/28/2023 23:45,Dumbbell Row,17.5,10,,,,,Back,pull,
1/28/2023 22:22,1/28/2023 23:45,Dumbbell Row,15,6,,,,,Back,pull,
1/28/2023 22:22,1/28/2023 23:45,Hammer Curl,12.5,10,,,,,Biceps,pull,
1/28/2023 22:22,1/28/2023 23:45,Hammer Curl,12.5,8,,,,,Biceps,pull,
1/28/2023 22:22,1/28/2023 23:45,Hammer Curl,12.5,6,,,,,Biceps,pull,
1/28/2023 22:22,1/28/2023 23:45,Incline Curls,10,12,,,,,Biceps,pull,
1/28/2023 22:22,1/28/2023 23:45,Incline Curls,10,12,,,,,Biceps,pull,
1/28/2023 22:22,1/28/2023 23:45,Incline Curls,10,12,drpset 7,,,,Biceps,pull,
1/27/2023 23:19,,Dips,0,8,,,,,Triceps,chest,
1/27/2023 23:19,,Dips,0,5,,,,,Triceps,chest,
1/27/2023 23:19,,Dips,0,5,,,,,Triceps,chest,
1/27/2023 23:19,,Dips,0,5,,,,,Triceps,chest,
1/27/2023 23:19,,Bench Press,40,8,,,,,Chest,chest,
1/27/2023 23:19,,Bench Press,60,8,,,,,Chest,chest,
1/27/2023 23:19,,Bench Press,65,2,,,,,Chest,chest,
1/27/2023 23:19,,Bench Press,57.5,10,pause x2,,,,Chest,chest,
1/27/2023 23:19,,Shoulder Dumbbell Press,15,12,,,,,Shoulders,chest,
1/27/2023 23:19,,Shoulder Dumbbell Press,20,7,,,,,Shoulders,chest,
1/27/2023 23:19,,Shoulder Dumbbell Press,22.5,5,assisted,,,,Shoulders,chest,
1/27/2023 23:19,,Incline Dumbbell Press,15,6,,,,,Chest,chest,
1/27/2023 23:19,,Incline Dumbbell Press,17.5,6,,,,,Chest,chest,
1/27/2023 23:19,,Incline Dumbbell Press,20,6,,,,,Chest,chest,
1/27/2023 23:19,,Cable Crossovers,9.1,5,,,,,Chest,chest,
1/27/2023 23:19,,Cable Crossovers,6.8,12,,,,,Chest,chest,
1/27/2023 23:19,,Cable Crossovers,6.8,7,,,,,Chest,chest,
1/27/2023 23:19,,Dumbbell Lateral Raises,7.5,7,,,,,Shoulders,chest,
1/27/2023 23:19,,Dumbbell Lateral Raises,5,6,dropset to 2.5s,,,,Shoulders,chest,
1/27/2023 23:19,,Dumbbell Lateral Raises,5,6,,,,,Shoulders,chest,
1/27/2023 23:19,,skull crushers,5,12,,,,,Triceps,chest,
1/27/2023 23:19,,skull crushers,10,3,,,,,Triceps,chest,
1/27/2023 23:19,,skull crushers,6125,12,,,,,Triceps,chest,
1/26/2023 22:59,,Squat,60,8,,,,,Legs,leg,
1/26/2023 22:59,,Squat,80,8,,,,,Legs,leg,
1/26/2023 22:59,,Squat,100,8,,,,,Legs,leg,
1/26/2023 22:59,,Squat,100,5,,,,,Legs,leg,
1/26/2023 22:59,,Leg Press,50,10,,,,,Legs,leg,
1/26/2023 22:59,,Leg Press,100,12,,,,,Legs,leg,
1/26/2023 22:59,,Leg Press,110,12,,,,,Legs,leg,
1/26/2023 22:59,,Leg Press,120,12,,,,,Legs,leg,
1/26/2023 22:59,,Calf Raises,118,12,,,,,Legs,leg,
1/26/2023 22:59,,Calf Raises,118,12,,,,,Legs,leg,
1/26/2023 22:59,,Calf Raises,,,,,,,Legs,leg,
1/24/2023 19:50,1/24/2023 22:03,Deadlift,80,6,,,,,Back,pull,
1/24/2023 19:50,1/24/2023 22:03,Deadlift,100,6,,,,,Back,pull,
1/24/2023 19:50,1/24/2023 22:03,Deadlift,100,5,,,,,Back,pull,
1/24/2023 19:50,1/24/2023 22:03,Pulldowns,50,12,,,,,Back,pull,
1/24/2023 19:50,1/24/2023 22:03,Pulldowns,70,12,,,,,Back,pull,
1/24/2023 19:50,1/24/2023 22:03,Pulldowns,80,8,,,,,Back,pull,
1/24/2023 19:50,1/24/2023 22:03,Pulldowns,60,8,,,,,Back,pull,
1/24/2023 19:50,1/24/2023 22:03,Pulldowns,,,,,,,Back,pull,
1/24/2023 19:50,1/24/2023 22:03,Straight Arm Pulldowns,17.5,12,,,,,Back,pull,
1/24/2023 19:50,1/24/2023 22:03,Straight Arm Pulldowns,17.5,12,,,,,Back,pull,
1/24/2023 19:50,1/24/2023 22:03,Straight Arm Pulldowns,21.5,12,,,,,Back,pull,
1/24/2023 19:50,1/24/2023 22:03,Hammer Curl,12.5,10,,,,,Biceps,pull,
1/24/2023 19:50,1/24/2023 22:03,Hammer Curl,15,8,,,,,Biceps,pull,
1/24/2023 19:50,1/24/2023 22:03,Hammer Curl,15,8,,,,,Biceps,pull,
1/24/2023 19:50,1/24/2023 22:03,Hammer Curl,12.5,6,,,,,Biceps,pull,
1/24/2023 19:50,1/24/2023 22:03,Dumbbell Row,15,12,,,,,Back,pull,
1/24/2023 19:50,1/24/2023 22:03,Dumbbell Row,17.5,10,,,,,Back,pull,
1/24/2023 19:50,1/24/2023 22:03,Preacher Curls,10,7,,,,,Biceps,pull,
1/24/2023 19:50,1/24/2023 22:03,Preacher Curls,8625,8,,,,,Biceps,pull,
1/24/2023 19:50,1/24/2023 22:03,Preacher Curls,7.5,10,,,,,Biceps,pull,
1/23/2023 23:36,,Bench Press,40,8,,,,,Chest,push,
1/23/2023 23:36,,Bench Press,60,8,,,,,Chest,push,
1/23/2023 23:36,,Bench Press,70,2,,,,,Chest,push,
1/23/2023 23:36,,Bench Press,45,10,,,,,Chest,push,
1/23/2023 23:36,,Shoulder Dumbbell Press,15,8,,,,,Shoulders,push,
1/23/2023 23:36,,Shoulder Dumbbell Press,20,8,,,,,Shoulders,push,
1/23/2023 23:36,,Shoulder Dumbbell Press,22.5,4,,,,,Shoulders,push,
1/23/2023 23:36,,Incline Bench Press,40,8,,,,,Chest,push,
1/23/2023 23:36,,Incline Bench Press,50,8,,,,,Chest,push,
1/23/2023 23:36,,Incline Bench Press,40,10,mid pause,,,,Chest,push,
1/23/2023 23:36,,Triceps Extensions,20,8,,,,,Triceps,push,
1/23/2023 23:36,,Triceps Extensions,15,8,,,,,Triceps,push,
1/23/2023 23:36,,Triceps Extensions,15,8,,,,,Triceps,push,
1/23/2023 23:36,,Pec Dec,59,8,,,,,Chest,push,
1/23/2023 23:36,,Pec Dec,61,6,36 hold,,,,Chest,push,
1/23/2023 23:36,,Pec Dec,64,6,40hold,,,,Chest,push,
1/23/2023 23:36,,skull crushers,5,12,,,,,Triceps,push,
1/23/2023 23:36,,skull crushers,10,5,,,,,Triceps,push,
1/23/2023 23:36,,skull crushers,6125,10,,,,,Triceps,push,
1/21/2023 21:11,1/21/2023 21:11,Squat,60,6,,,,,Legs,leg,
1/21/2023 21:11,1/21/2023 21:11,Squat,80,6,,,,,Legs,leg,
1/21/2023 21:11,1/21/2023 21:11,Squat,100,6,,,,,Legs,leg,
1/21/2023 21:11,1/21/2023 21:11,Squat,120,3,,,,,Legs,leg,
1/21/2023 21:11,1/21/2023 21:11,Leg Press,50,10,,,,,Legs,leg,
1/21/2023 21:11,1/21/2023 21:11,Leg Press,90,12,,,,,Legs,leg,
1/21/2023 21:11,1/21/2023 21:11,Leg Press,110,12,,,,,Legs,leg,
1/21/2023 21:11,1/21/2023 21:11,Leg Press,120,120,,,,,Legs,leg,
1/21/2023 21:11,1/21/2023 21:11,Calf Raises,118,12,,,,,Legs,leg,
1/21/2023 21:11,1/21/2023 21:11,Calf Raises,118,12,,,,,Legs,leg,
1/21/2023 21:11,1/21/2023 21:11,Calf Raises,100,8,,,,,Legs,leg,
1/21/2023 21:11,1/21/2023 21:11,Leg Curls,68,12,,,,,Legs,leg,
1/21/2023 21:11,1/21/2023 21:11,Leg Curls,86,12,,,,,Legs,leg,
1/21/2023 21:11,1/21/2023 21:11,Leg Curls,91,3,,,,,Legs,leg,
1/21/2023 21:11,1/21/2023 21:11,Leg Extensions,100,12,,,,,Legs,leg,
1/21/2023 21:11,1/21/2023 21:11,Leg Extensions,102,9,,,,,Legs,leg,
1/21/2023 21:11,1/21/2023 21:11,Leg Extensions,106,12,,,,,Legs,leg,
1/21/2023 21:11,1/21/2023 21:11,Leg Curls,77,12,,,,,Legs,leg,
1/21/2023 21:11,1/21/2023 21:11,Leg Curls,84,12,,,,,Legs,leg,
1/21/2023 21:11,1/21/2023 21:11,Leg Curls,86,6,,,,,Legs,leg,
1/20/2023 19:25,1/20/2023 20:24,Cable Row,50,12,,,,,Back,pull,
1/20/2023 19:25,1/20/2023 20:24,Cable Row,50,12,,,,,Back,pull,
1/20/2023 19:25,1/20/2023 20:24,Cable Row,60,10,,,,,Back,pull,
1/20/2023 19:25,1/20/2023 20:24,Dumbbell Row,15,12,,,,,Back,pull,
1/20/2023 19:25,1/20/2023 20:24,Dumbbell Row,17.5,10,,,,,Back,pull,
1/20/2023 19:25,1/20/2023 20:24,Dumbbell Row,17.5,12,,,,,Back,pull,
1/20/2023 19:25,1/20/2023 20:24,Hammer Curl,12.5,10,,,,,Biceps,pull,
1/20/2023 19:25,1/20/2023 20:24,Hammer Curl,12.5,10,,,,,Biceps,pull,
1/20/2023 19:25,1/20/2023 20:24,Hammer Curl,15,3,,,,,Biceps,pull,
1/20/2023 19:25,1/20/2023 20:24,Hammer Curl,12.5,10,,,,,Biceps,pull,
1/20/2023 19:25,1/20/2023 20:24,Straight Arm Pulldowns,17.5,12,,,,,Back,pull,
1/20/2023 19:25,1/20/2023 20:24,Straight Arm Pulldowns,17.5,12,,,,,Back,pull,
1/20/2023 19:25,1/20/2023 20:24,Straight Arm Pulldowns,17.5,12,,,,,Back,pull,
1/20/2023 19:25,1/20/2023 20:24,Pulldowns,50,12,,,,,Back,pull,
1/20/2023 19:25,1/20/2023 20:24,Pulldowns,60,12,,,,,Back,pull,
1/20/2023 19:25,1/20/2023 20:24,Pulldowns,70,6,,,,,Back,pull,
1/20/2023 19:25,1/20/2023 20:24,Preacher Curls,7.5,12,,,,,Biceps,pull,
1/20/2023 19:25,1/20/2023 20:24,Preacher Curls,7.5,12,,,,,Biceps,pull,
1/20/2023 19:25,1/20/2023 20:24,Preacher Curls,5,10,,,,,Biceps,pull,
1/18/2023 18:08,1/18/2023 19:33,Squat,60,3,,,,,Legs,leg,
1/18/2023 18:08,1/18/2023 19:33,Squat,80,3,,,,,Legs,leg,
1/18/2023 18:08,1/18/2023 19:33,Squat,100,2,,,,,Legs,leg,
1/18/2023 18:08,1/18/2023 19:33,Squat,110,3,,,,,Legs,leg,
1/18/2023 18:08,1/18/2023 19:33,Squat,120,1,,,,,Legs,leg,
1/18/2023 18:08,1/18/2023 19:33,Squat,60,10,,,,,Legs,leg,
1/18/2023 18:08,1/18/2023 19:33,Lunges,15,12,,,,,Legs,leg,
1/18/2023 18:08,1/18/2023 19:33,Lunges,17.5,12,,,,,Legs,leg,
1/18/2023 18:08,1/18/2023 19:33,Lunges,20,12,,,,,Legs,leg,
1/18/2023 18:08,1/18/2023 19:33,Lunges,20,12,,,,,Legs,leg,
1/18/2023 18:08,1/18/2023 19:33,Calf Raises,100,12,,,,,Legs,leg,
1/18/2023 18:08,1/18/2023 19:33,Calf Raises,100,12,,,,,Legs,leg,
1/18/2023 18:08,1/18/2023 19:33,Calf Raises,100,12,,,,,Legs,leg,
1/17/2023 15:47,1/17/2023 16:34,Dumbbell Row,15,12,,,,,Back,pull,
1/17/2023 15:47,1/17/2023 16:34,Dumbbell Row,17.5,12,,,,,Back,pull,
1/17/2023 15:47,1/17/2023 16:34,Dumbbell Row,15,12,,,,,Back,pull,
1/17/2023 15:47,1/17/2023 16:34,Pulldowns,50,12,,,,,Back,pull,
1/17/2023 15:47,1/17/2023 16:34,Pulldowns,60,12,,,,,Back,pull,
1/17/2023 15:47,1/17/2023 16:34,Pulldowns,70,6,,,,,Back,pull,
1/17/2023 15:47,1/17/2023 16:34,Cable Row,42.5,12,,,,,Back,pull,
1/17/2023 15:47,1/17/2023 16:34,Cable Row,50,12,,,,,Back,pull,
1/17/2023 15:47,1/17/2023 16:34,Cable Row,60,6,,,,,Back,pull,
1/17/2023 15:47,1/17/2023 16:34,Hammer Curl,12.5,10,,,,,Biceps,pull,
1/17/2023 15:47,1/17/2023 16:34,Hammer Curl,12.5,10,,,,,Biceps,pull,
1/17/2023 15:47,1/17/2023 16:34,Hammer Curl,10,10,,,,,Biceps,pull,
1/17/2023 15:47,1/17/2023 16:34,Hammer Curl,10,6,,,,,Biceps,pull,
1/17/2023 15:47,1/17/2023 16:34,Straight Arm Pulldowns,17.5,12,,,,,Back,pull,
1/17/2023 15:47,1/17/2023 16:34,Straight Arm Pulldowns,17.5,12,,,,,Back,pull,
1/17/2023 15:47,1/17/2023 16:34,Straight Arm Pulldowns,17.5,12,,,,,Back,pull,
1/17/2023 15:47,1/17/2023 16:34,Incline Curls,10,12,,,,,Biceps,pull,
1/17/2023 15:47,1/17/2023 16:34,Incline Curls,12.5,6,,,,,Biceps,pull,
1/17/2023 15:47,1/17/2023 16:34,Incline Curls,10,12,,,,,Biceps,pull,
1/17/2023 15:47,1/17/2023 16:34,Preacher Curls,7.5,10,,,,,Biceps,pull,
1/17/2023 15:47,1/17/2023 16:34,Preacher Curls,5,12,,,,,Biceps,pull,
